Actor,English name,Affiliation,"Conflict of interest (Type, Funding Source, Advocacy Target)",Scope (Advocacy; Policymaking; Service Provision; Research),Geographical scope (National; Regional; Provincial; Local),Website,Headquarter location,Province,Oral health as primary intent?,Year of inception,Main subjects covering,Policymaking power
انجمن سلامت دهان و دندانپزشکی اجتماعی ایران,Iranian association of community oral health,,,Advocacy,National,https://iacoh.ir/,ایران، تهران، کوی نصر، خیابان علیایی غربی، پلاک 83,Tehran,Yes,2009,,Low
اداره بهداشت دهان و دندان,,معاونت بهداشت وزارت بهداشت,N/A,Policy making & service Provision,National,http://iranoralhealth.ir/,تهران، میدان صنعت، بلوار فرحزادی- بلوار ایوانک- بین فلامک و زرافشان,Tehran,Yes,,,High
شورای آموزش دندانپزشکی و تخصصی/بوردهای عمومی و تخصصی,,معاونت آموزشی وزارت بهداشت,T: Pub; F: Pub; AT: Pub,Policy making,National,,تهران، میدان صنعت، بلوار فرحزادی- بلوار ایوانک- بین فلامک و زرافشان,Tehran,No,,,High
اداره درمان دندان‌پزشکی,,معاونت درمانی وزارت بهداشت,T: Pub; F: Pub; AT: Pub,Policy making,National,,تهران، میدان صنعت، بلوار فرحزادی- بلوار ایوانک- بین فلامک و زرافشان,Tehran,No,,,High
مرکز تحقيقات بيماري‌هاي دهان و دندان,Oral and Dental Diseases Research Center,دانشگاه علوم پزشکي کرمان,T: Pub; F: Pub; AT: Pub,Research,Provincial,https://usid.research.ac.ir/Center.php?id=209,کرمان، میدان کوثر، بلوار کوثر، جنب تالار کوثر,Kerman,Yes,2008,تولید و ثبت مقالات علمی در پایگاه‌های معتبر کشور و دنیا، همکاری موثر با مراکز علمی تحقیقاتی بین المللی و سازمان بهداشت جهانی، مرجعیت در ارائه تحقیقات در زمینه دندانپزشکی در کشور، دارای توان رقابت در سطح منطقه ایی و ملی، ماموریت ارتقا سطح سلامت جامعه از طریق تربیت نیروی زبده و متبحر در امر پژوهش، حمایت و تشویق پژوهشگران و انجام پژوهش‌های تقاضا محور و متناسب با نیازهای جامعه.,Low
مرکز تحقيقات دندانپزشکي,Dental Research center,دانشگاه علوم پزشکي مشهد,T: Pub; F: Pub; AT: Pub,Research,Provincial,https://usid.research.ac.ir/Center.php?id=182,مشهد- دانشکده دندانپزشکی,"Khorasa, Razavi",No,,"برنامه استراتژيك مركز تحقيقات دندانپزشکی دانشگاه علوم پزشكي مشهد
چشم انداز (Vision)
هدف نهايي ما ارتقاء کمی و کیفی تحقیقات بنيادي و كاربردي دندانپزشکی است
رسالت (Mission)
حفظ و ارتقاء سطح سلامت دهان و دندان جامعه
هدايت،تسهيل، نظام دار نمودن و اجراي طرحهاي تحقيقاتي دندانپزشکي
کمک به توليد علم در راستاي وظایف مرکز
حفظ ارزشهاي حاکم بر فعاليتهاي مرکز تحقيقات دندانپزشکي شامل تکريم جايگاه تحقيق و محقق، رعايت اخلاق در پژوهش، تقويت ارتباط آموزش با پژوهش و جامعه نگري خواهد بود.",Low
مرکز تحقيقات دندانپزشکي,Dental Research Center,دانشگاه علوم پزشکي تهران,T: Pub; F: Pub; AT: Pub,Research,Regional,https://usid.research.ac.ir/Center.php?id=120,خيابان انقلاب، خيابان قدس، دانشكده دندانپزشكي، پژوهشکده علوم دندانپزشکی,Tehran,No,,رشد و تعالی هر جامعه ای از طریق سرمایه گذاری در تحقیق و پژوهش مبتنی بر نیاز های آن جامعه امکانپذیر می گردد و در این راستا بگارگیری منابع علمی و سرمایه های ارزشمند نیروی انسانی خلاق و کارآمد نقش انکار ناپذیری دارد. مرکز تحقیقات دندانپزشکی دانشگاه علوم پزشکی تهران به عنوان یکی از مراکز تحقیقاتی پیشرو در حوزه تحقیقات مرتبط با علوم دندانپزشکی در طی فعالیت بیش از 15 ساله خود به عنوان یکی از مراکز موفق حوزه مراکز تحقیقاتی بالینی کشور همواره شاخص بوده است. اقدامات صورت گرفته در ایجاد بستر مناسب جهت انجام تحقیقات مبتنی بر نیاز های جامعه و تأسیس آزمایشگاه های مجهز از قبیل (آزمایشگاه مواد دندانی، پاتولوژی دهان، سلولی مولکولی، میکروبیولوژی دهان و ...) اقدام در جهت تدوین استاندارد های مواد مورد مصرف در دندانپزشکی و ارتقاء سطح سلامت جامعه و تولید و انتقال و انتشار دانش روا، پایا و ایجاد زمینه جهت استفاده کلیه محققین در راستای انجام پژوهش های محصول محور و کمک به صنعتگران و سرمایه گذاران بخش خصوصی در راستای توسعه تولید داخل کشور همواره مد نظر این مرکز بوده و دست پژوهشگران و علاقمندان به تحقیقات مبتنی بر تولید ثروت، دانش و ارتقای جایگاه علمی کشور را به گرمی می فشارد.,Low
مرکز تحقيقات دندانپزشکي,Dental Research Center,دانشگاه علوم پزشکي اصفهان,T: Pub; F: Pub; AT: Pub,Research,Regional,https://usid.research.ac.ir/Center.php?id=104,اصفهان، بلوار صفه ، دانشکده دندانپزشکی ،مرکز تحقیقات علوم دندانپزشکی (پروفسور ترابی نژاد ),Isfahan,No,,حقیق ، توسعه و نوآوری در علوم دندانپزشکی در بستر آزمایشگاهی و بالینی همراه با بکارگیری و انتشار نتایج پژوهشها ، ارائه دانش فنی به صنایع ، تربیت و ترغیب نیروی انسانی محقق و همکاری با سایر مراکز پژوهشی داخلی و خارجی به منظور ارتقا کیفیت دانش و محصولات حیطه دندانپزشکی جهت ارتقا سلامت دهان و دندان جامعه.,Low
مرکز تحقيقات دندانپزشکي,Dental Research Center,دانشگاه علوم پزشکي همدان,T: Pub; F: Pub; AT: Pub,Research,Provincial,https://usid.research.ac.ir/Center.php?id=273,همدان- چ پژوهش- بلوار فهمیده- دانشکده دندانپزشکی,Hamadan,No,2007,تاریخچه مرکز تحقیقات دندانپزشکی دانشگاه علوم پزشکی همدان در تاریخ ۱۳۸۶/۳/۲ موافقت اصولی و در تاریخ ۱۳۹۲/۲/۲۳ موافقت قطعی خود را از شورای گسترش دریافت نمود. چشم انداز این مرکز در نظر دارد با ایجاد بستر مناسب و ارائه راهکارهای جدید جهت پژوهش های تخصصی بنیادی و کاربردی به ارتقاء سلامت دهان و دندان آحاد جامعه کمک نماید و با رعایت استانداردها و کیفیت بالای خدمات به یکی از برترین و پیشروترین مراکز تحقیقات دندانپزشکی در سطح کشور تبدیل شود. ماموریت این مرکز به منظور انجام و ترویج پژوهش های بنیادی و کاربردی بر اساس نیاز جامعه و تلاش در جهت افزایش دانش و آگاهی متخصصین پایه گذاری شده است و سعی بر آن دارد تا از طریق ارتباط با موسسات آموزشی و پژوهشی داخل و خارج از کشور محیطی فراهم نماید که اعضاء هیئت علمی و فراگیران ضمن تبادل اطلاعات مستمر بر دانش و آگاهی خود جهت استانداردهای درمانی بیافزایند. گرایش پژوهشی تحقیقات در زمینه کاربردهای لیزر در دندانپزشکی، تحقیقات در زمینه مواد دندانی بایومتریال، تحقیقات در زمینه کشت سلولی و مهندسی بافت در دندانپزشکی.,Low
مرکز تحقيقات پيشگيري از بيماري‌هاي دهان و دندان,Research Center for Prevention of Oral and Dental Diseases Oral and Dental Disease Research Center,دانشگاه علوم پزشکي بقية الله (عج),T: Pub; F: Pub; AT: Pub,Research,Regional,https://usid.research.ac.ir/Center.php?id=2414,تهران، میدان ونک، خیابان ملاصدرا، خیابان شیخ بهائی جنوبی، کوچه شهید نصرتی، پژوهشگاه علوم پزشکی بقیه الله (عج)	,Tehran,Yes,,,Low
مرکز تحقيقات بيماري‌هاي دهان و دندان,Oral and Dental Disease Research Center,دانشگاه علوم پزشکي شيراز,T: Pub; F: Pub; AT: Pub,Research,Provincial,https://usid.research.ac.ir/Center.php?id=1878,شیراز، خیابان قصردشت، نبش خیابان قم آباد، دانشکده دندانپزشکی,Fars,Yes,2015,تاریخچه مرکز تحقیقات بیماری‌های دهان و دندان از سال ۱۳۹۴ تاسیس و در سال ۱۳۹۵ موفق به کسب موافقت اصولی گردیده است. اولویت‌های پژوهشی بررسی تکنولوژی‌های جدید کلینیکی و پاراکلینیکی مقایسه تکنیک ها در پیشگیری، تشخیص و درمان پوسیدگی دندان-ضایعات و ناهنجاری‌های دهان و دندان و فک و صورت وبیماری‌های پریودنتال، بررسی خصوصیات کلینیکی، فیزیکی، شیمیایی، زیست سازگاری، میکروبی و کلینیکی مواد، ابزار و تکنیک ها در حیطه درمان های مختلف دندانپزشکی، ایفای نقش در سیاستگذاری و برنامه‌های عملیاتی جهت ارتقای سطح فرهنگ افراد جامعه و دانش درمانگران برای حفظ سلامت و پیشگیری از بروز بیماری های دهان و دندان، انجام تحقیقات پایه‌ای و اپیدمیولوژیک درخصوص چگونگی پراکندگی ناهنجاری‌های فک و صورت در استان به منظور طراحی پروژه‌های پیشگیری از آن‌ها، مطالعات اپیدمیولوژیک در رابطه با سلامت دهان و شیوع بیماری‌های دهان و فک و صورت امکانات و توانمندی‌ها دستگاه برش دندان (جهت انجام برش دندان،‌ سرامیک) و ترموسیکل (جهت انجام تغییرات حرارتی سرما و گرما بر روی نمونه‌ها)، دستگاه تشخیص پوسیدگی و دستگاه لیزر Erbium-YAG,Low
مرکز تحقيقات بيماري‌هاي دهان و دندان,Oral and Dental Disease Research Center,دانشگاه علوم پزشکي زاهدان,T: Pub; F: Pub; AT: Pub,Research,Provincial,https://usid.research.ac.ir/Center.php?id=1952,زاهدان، خیابان آزادگان شرقی ،جنب عیدگاه اهل سنت ، دانشکده دندانپزشکی – کدپستی : ۹۸۱۷۶۹۹۶۹۳	,Sistan and Baluchistan,Yes,2014,در تاریخ ۹۳/۹/۲۵ مرکز مذکور با عنوان مرکز تحقیقات بیماری‌های دهان و دندان دانشگاه علوم پزشکی زاهدان موفق به اخذ موافقت اصولی از شورای گسترش دانشگاههای علوم پزشکی کشور شد.,Low
مرکز تحقيقات علوم دندانپزشکي,Dental Research Center Shahid Beheshti University of Medical Sciences,دانشگاه علوم پزشکي شهيد بهشتي,T: Pub; F: Pub; AT: Pub,Research,Regional,https://usid.research.ac.ir/Center.php?id=435,تهران- ولنجک- بلوار دانشجو- دانشکده دندانپزشکی شهید بهشتی,Tehran,No,1997,تاریخچه مرکز در سال ۱۳۷۶ تاسیس و در تاریخ ۷۶/۵/۱۵ موافقت اصولی خود را اخذ نمود. چشم انداز مرکز در نظر دارد با فراهم آوردن زمینه علمی و ارائه گزارش لازم (تصمیم سازی) جهت تصمیم گیری مسئولین مملکت در زمینه دندانپزشکی کشور، تحقیق و پیشنهاد اولویتهای مسائل و موضوعات تحقیقاتی جهت تصویب وزارت بهداشت، درمان و آموزش پزشکی، انجام تحقیقات در زمینه های اساسی و با اولویت بالا (بین المللی، ملی و ....)، تربیت پژوهشکران ممتاز با همکاری مراکز علمی تحقیقاتی ممتاز داخلی و خارجی و تاسیس و توسعه دوره های علمی پژوهشی آموزشی (Ph.D.MS) با مشارکت مراکز علمی تحقیقاتی ممتاز بین المللی به یک مرکز علمی تحقیقاتی ممتاز در منطقه مدیترانه شرقی تبدیل شود که نقش تعیین کننده ای در تولید علم و دانش، توسعه تکنولوژی، بهبود سطح سلامت دهان و دندان، ارتقاء کیفیت خدمات و حرفه دندانپزشکی و ارائه عادلانه خدمات دندانپزشکی داشته باشد. گرایش پژوهشی پوسیدگی و بیماری‌های پالپ، بیماری‌های پریودنتال (لثه)، ناهنجاری‌های دندانی فکی امکانات و توانمندی‌ها آزمایشگاه‌های مواد دندانی، بیولوژی سلولی مولکولی، هیستوپاتولوژی، مرکز رشد,Low
مرکز تحقيقات پيشگيري از پوسيدگي دندان,Research Center for Caries Prevention,دانشگاه علوم پزشکي تهران,T: Pub; F: Pub; AT: Pub,Research,Regional,https://usid.research.ac.ir/Center.php?id=1904,تهران، خیابان انقلاب، خیابان قدس، پژوهشکده علوم دندان پزشکی، طبقه اول,Tehran,Yes,2013,تاریخچه مرکز تحقیقات پیشگیری پوسیدگی دندان دانشگاه علوم پزشکی تهران با هدف ارتقاء سلامت دهان و دندان و بهبود کیفیت زندگی مردم، در تاریخ ۱۳۹۲/۴/۱۸ مورد موافقت اصولی شورای گسترش دانشگاه‌های علوم پزشکی قرار گرفت. چشم انداز مرکز تحقیقات پیشگیری پوسیدگی دندان دانشگاه علوم پزشکی تهران مصمم است با گسترش فرهنگ پژوهش و انجام تحقیقات جامعه نگر و ارائه آموزش و راهکارهای پیشگیرانه مبتنی بر شواهد، در راستای حفظ و ارتقاء سلامت دهان و دندان آحاد جامعه پیشرو باشد و به یکی از پنج مرکز تحقیقاتی در حوزه دندانپزشکی در سطح کشور تبدیل شود. ماموریت رسالت مرکز تحقیقات پیشگیری پوسیدگی دندان، توسعه دانش و تولید شواهد علمی در حوزه ارتقاء سلامت دهان و دندان پزشکی اجتماعی با تاکید بر پژوهش‌های جامعه نگر است. همچنین این مرکز می‌کوشد با بهره گیری از قویترین گروه متخصصین و محققین حوزه ارتقاء سلامت دهان در کشور به توانمندسازی محققین جوان بپردازد تا با استفاده از روش‌های مبتنی بر شواهد به نیازهای جامعه در حوزه سلامت دهان در سطح کشور پاسخ دهد. گرایش (Line) پژوهشی مداخلات و راهبردهای پیشگیری و کنترل پوسیدگی دندان، مطالعات آزمایشگاهی و بالینی در خصوص پوسیدگی دندان، بررسی بار بیماری‌های دهان و دندان و عوامل موثر بر آن با رویکرد عامل خطر مشترک، ارزیابی راهکاری ادغام سلامت دهان در نظام سلامت عمومی، ارزیابی و پایش خدمات پیشگیری و درمانی پوسیدگی دندان، طراحی نظام‌های پایش و مراقبت پوسیدگی دندان از بدو تولد، حیطه علوم بهداشتی، مولفه‌های اجتماعی موثر بر سلامت، بررسی نقش مولفه‌های اجتماعی بر سلامت دهان در ایران، امکان سنجی و اجرای مداخلات در حوزه ارتقاء عوامل اجتماعی موثر بر سلامت دهان، بررسی اپیدمیولوژیک بیماری‌های سیستمیک مرتبط با پوسیدگی دندان،‌ بررسی راهکارهای ارتقاء آموزش دندانپزشکی با رویکرد پیشگیری,Low
مرکز تحقيقات علوم دندانپزشکي,Dental Sciences Research Center,دانشگاه علوم پزشکي گيلان,T: Pub; F: Pub; AT: Pub,Research,Provincial,https://usid.research.ac.ir/Center.php?id=2530,رشت،فلکه گاز، بلوار پرفسور سمیعی به طرف کمربندی فومن پس از رستوران خزر سمت چپ، مجتمع دانشگاه عاوم پزشکی گیلان	,Guilan,No,2011,تاریخچه مرکز تحقیقات علوم دندانپزشکی در تاریخ ۱۳۹۰/۵/۲۹موفق به دریافت موافقت اصولی از شورای گسترش گردید. چشم انداز مرکز تحقیقات علوم دندانپزشکی دانشگاه علوم پزشکی گیلان در نظر دارد با هدف توسعه فعالیت های پژوهشی در رشته‌های تخصصی دندانپزشکی، گام‌های موثری را در ارتقای کیفیت تحقیقات دندانپزشکی برداشته و زمینه تولید و انتقال دانش مربوطه را فراهم نماید. الویت‌های پژوهشی ارزیابی مواد و ابزارهای مورد استفاده در دندانپزشکی، ارائه و بررسی روش‌های تشخیصی و درمانی نوین در حیطه دندانپزشکی،شناخت روند اتیولوژی و پاتوژنز بیماری‌های دهان و دندان، بررسی راهکارهای پیشگیری از بیماری‌های دهان و دندان و ارتقای سلامت دهان و دندان،بررسی اپیدمیولوژی بیماری‌های دهان و دندان، بررسی دانش روز مواد و تکنولوژی دندانپزشکی، ارزیابی خصوصیات فیزیکی و مکانیکی و سازگاری بیولوژیکی مواد دندانی جدید،بازسازی دندان‌های روت‌کانال‌تراپی شده، تکنیک‌های پیشرفته تصویربرداری، طراحی نرم‌افزارهای مورد نیاز در دندانپزشکی.,Low
مرکز تحقيقات پيشگيري از پوسيدگي دندان,Dental Caries Prevention Research Center Qazvin University of Medical Sciences,دانشگاه علوم پزشکي قزوين,T: Pub; F: Pub; AT: Pub,Research,Provincial,https://usid.research.ac.ir/Center.php?id=577,قزوین، بلوار شهید باهنر، دانشگاه علوم پزشکی قزوین، دانشکده دندانپزشکی، مرکز تحقیقیات پیشگیری از پوسیدگی دندان,Qazvin,Yes,2012,تاریخچه مرکز تحقیقات پیشگیری از پوسیدگی دندان دانشگاه علوم پزشکی قزوین به استناد رای صادره در دویست و شانزدهمین جلسه شورای گسترش دانشگاه های علوم پزشکی کشور مورخ ۹۱/۳/۲۳ مورد موافقت اصولی قرار گرفت. چشم‌انداز ارتقای دانش دندانپزشکی و توسعه سلامت دهان و دندان مأموریت تولید، انتشار و بهره برداری مناسب از دانش به منظور توسعه و ارتقای سلامت دهان و دندان گرایش پژوهشی مطالعه عوامل مؤثر در بروز پوسیدگی ها و سایر مشکلات دهان و دندان، مطالعه عوامل مؤثر در شکست درمان هایی چون درمان های ترمیمی و پروتزی و ارائه راهکار های مؤثر، مقایسه انواع تکنیکهای درمانی و معرفی محاسن و معایب آن ها، جمع آوری اطلاعات در رابطه با خواص فیزیکی، شیمیایی و بیولوژیک مواد و تجهیزات دندانپزشکی، تلاش برای بهبود کیفیت مواد و تجهیزات دندانپزشکی و تولید آزمایشگاهی مواد و تجهیزات دندانپزشکی، ارزیابی آثار بیولوژیک مواد و تجهیزات دندانپزشکی، انجام تحقیقات در زمینه اولویت های تحقیق و توسعه در زمینه های مربوط به بهبود وضعیت سلامت و درمان بیماری‌های دهان و دندان در ایران.,Low
مرکز تحقيقات عوامل اجتماعي موثر بر سلامت دهان و دندان,"Social Determinants of Health Research Center,",دانشگاه علوم پزشکي کرمان,T: Pub; F: Pub; AT: Pub,Research,Provincial,http://rcsdh.kmu.ac.ir/fa,کرمان ،میدان کوثر، بلوار کوثر، جنب تالار کوثر,Kerman,Yes,2013,تاریخچه مرکز تحقیقات عوامل اجتماعی موثر بر سلامت دهان و دندان در تاریخ ۱۳۹۲/۲/۲۳ با آن موافقت اصولی به عمل آمد. چشم انداز مرکزتحقیقات عوامل اجتماعی موثر بر سلامت دهان و دندان دانشگاه علوم پزشکی کرمان مصمم است با توسعه فعالیت‌های پژوهشی در پنج سال آینده دارای ویژگی‌های ذیل باشد: انجام پژوهش‌های بنیادی اپیدمیولوژیک و بالینی در جهت اصلاح نظام ارائه خدمات بهداشتی درمانی کشور به منظور جوابگویی به نیازهای جامعه اسلامی، جمع آوری، تنظیم و طبقه بندی اسناد، مقالات و مدارک مربوطه و انتشار آن‌ها، تربیت نیروی انسانی محقق در زمینه عوامل اجتماعی مؤثر بر سلامت دهان و دندان. ماموریت توسعه و به کارگیری دانش بشری در زمینه علم عوامل اجتماعی مؤثر بر سلامت دهان و دندان.,Low
مرکز تحقيقات عوامل اجتماعي موثر بر سلامت دهان و دندان,Social Determinant of Oral Health Research Center,دانشگاه علوم پزشکي شهيد صدوقي يزد,T: Pub; F: Pub; AT: Pub,Research,Provincial,https://usid.research.ac.ir/Center.php?id=2509,یزد، بلوار دهه فجر، بلوار مهارت، بلوار امام رضا، دانشکده دندانپزشکی، کد پستی ۸۹۱۴۸۸۱۱۶۷,,Yes,2011,"اهداف:اهداف:
توسعه و بکارگیری دانش بشری در زمینه علم""عوامل اجتماعي موثر بر سلامت دهان و دندان""/انجام پژوهشهای بنیادی اپیدميولوژي‍ِک و باليني در جهت اصلاح نظام ارائه خدمات بهداشتي درماني کشور به منظور جوابگويي به نيازهاي جامعه اسلامي/جمع آوری،تنظیم و طبقه بندی اسناد، مقالات و مدارک مربوطه و انتشار آنها/تربیت نیروی انسانی محقق در زمينه""عوامل اجتماعي موثر بر سلامت دهان و دندان""/ترغیب، تشویق و بکارگیری محققين/کوشش در جلب توجه و همکاری مراکز تحقیقاتی و اجرایي مربوطه در داخل کشور
همکاری علمی با مراکز تحقیقاتی و آموزشي ساير کشورها و سازمانهاي بين المللي با رعايت قوانين و مقررات دولت جمهوري اسلامي ايران
چشم انداز مرکز :هدف نهایی نظام سلامت هر کشور، ارتقاء سطح سلامت مردم و برقراری و پیشبرد عدالت بهداشتي در ميان آنان است. پژوهش در اين ميان مي تواند از طريق ارايه رهنمود در جهت طراحي و اجراي سياست ها و برنامه هاي بهداشتي، نقش بسزايي در نيل نظام سلامت به اين هدف ايفا کند. تولید علم و دانش/بهبود سطح سلامت دهان و دندان/ارتقاء کیفیت خدمات و حرفه دندانپزشکی/ارائه عادلانه خدمات دندانپزشکی/توسعه تکنولوژی

",Low
مرکز تحقيقات دندانپزشکي,Dental Research Center,دانشگاه علوم پزشکي مازندران,T: Pub; F: Pub; AT: Pub,Research,Provincial,https://usid.research.ac.ir/Center.php?id=2625,ساری، کیلومتر ۱۸ جاده خزرآباد، مجتمع دانشگاهی پیامبر اعظم دانشکده دندانپزشکی	,Mazandaran,No,2020,"1-استفاده بهینه از منابع موجود
2- فراهم نمودن همکاری های درون بخشی و بیرون بخشی
3-تلاش در جهت فراهم نمودن توسعه طرح های تحقیقاتی و مقالات مرتبط
4-پیگیری و فراهم نمودن زمینه مناسب در خصوص اخذ موافقت قطعی مرکز
5-توسعه و بکارگیری دانش بشری در زمینه علم دندانپزشکی
6-ترغیب نیروی انسانی محقق درزمینه علم دندانپزشکی     چشم انداز:
1-تولید،پیشرفت و انتشاردانش دندانپزشکی به منظوراستفاده حرفه ای و کاربرد آن در جامعه
2-توسعه تحقیقات دانش دنداپزشکی درسطح جامعه
3-ارتقای سلامت دهان با بهره گیری ازامکانات موجود",Low
جامعه دندانپزشکی ایران,iranian dental association,جامعه دندانپزشکی ایران,"T: Prv; F: Dentists, Merident; AT: Dentists",Advocacy,National,https://www.ida-dent.org/,ایران، تهران، کوی نصر، خیابان علیایی غربی پلاک83,Tehran,No,1963,"اهداف انجمن :
۱-      تلاش به منظور خودکفایی ، ارتقاء سطح علمی و نیز گسترش علوم پزشکی در جهت اهداف انجمن و نظام جمهوری اسلامی ایران
۲-      ایجاد زمینه های همکاری و ایفای نقش مشورتی علمی و …………. با وزارت بهداشت و درمان و آموزش پزشکی، دانشگاه ها، سازمان نظام پزشکی و دیگر ادارات و وزارتخانه ها وموسساتی که به نحوی در پیشبرد و به ثمر رسانیدن اهداف انجمن موثرند.
۳-      اولویت دادن به درمان مجروحین جنگی و نیز مجروحین اضطراری ناشی از حوادث طبیعی نظیر سیل ، زلزله و…… ونیز بر طرف کردن نیازهای علمی ، درمانی و پژوهشی در زمینه های مذکور.
۴-      ایجاد شرکتهای تعاونی مصرف به منظور تامین نیازهای اعضاء ، با رعایت قوانین و مقررات موضوعه
۵-      فراهم آوردن زمینه های لازم جهت رفع نیاز های علمی و خدماتی اعضاء.",Medium
سازمان نظام پزشکی,The Islamic Republic of Iran Medical Council,سازمان نظام پزشکی جمهوری اسلامی ایران,T: Prv; F: Dentists; AT: Dentists,Advocacy,National,https://irimc.org/,تهران،‌خيابان كارگر شمالی، بالاتر از جلال آل احمد، خيابان فرشی مقدم (شانزدهم)، شماره 119، کدپستی 1439837953,Tehran,No,,"اهداف:
تحقق ارزش‌های عالیه اسلام در امور پزشکی
پیشبرد و اصلاح امور پزشکی
ارتقای سطح دانش پزشکی
حمایت از حقوق بیماران
حمایت از حقوق صنفی شاغلان حرف پزشکی
تنظیم روابط شاغلان حرف پزشکی با نهاد‌های دیگر",Medium
مرکز توسعه شبکه و ارتقای سلامت معاونت بهداشتی ,Network management and health promotion,مرکز توسعه شبکه و ارتقای سلامت معاونت بهداشتی وزارت بهداشت,T: Pub; F: Pub; AT: Pub,Service provision,National,https://vch.iums.ac.ir/page/1512/%D9%85%D8%AF%DB%8C%D8%B1%DB%8C%D8%AA-%D8%B4%D8%A8%DA%A9%D9%87-%D9%88-%D8%A7%D8%B1%D8%AA%D9%82%D8%A7%D8%A1-%D8%B3%D9%84%D8%A7%D9%85%D8%AA,تهران، میدان صنعت، بلوار فرحزادی- بلوار ایوانک- بین فلامک و زرافشان,Tehran,No,,جهت ایجاد، حفظ و ارتقاء سلامتی بااهداف و رسالت مشخص شده در کنار سایر گروه ها فعالیت می نماید. این گروه در واقع رابط بین گروه ها و واحدهای پشتیبانی و فنی بهداشتی است که بر پوشش کامل خدمات بهداشتی درمانی نظارت دارد و در جهت ایجاد زمینه و بستر مناسب برای فعالیت واحدهای بهداشتی و افزایش میزان دسترسی مردم به خدمات بهداشتی و درمانی تلاش می کند.,Medium
مرکز نظارت و اعتبار بخشی درمان معاونت درمان,Treatment Monitoring and Accreditation Center of the Deputy of Treatment,مرکز نظارت و اعتبار بخشی درمان معاونت درمان,,Monitoring and Accreditation ,National,https://medcare.behdasht.gov.ir/,تهران، میدان صنعت، بلوار فرحزادی- بلوار ایوانک- بین فلامک و زرافشان,Tehran,,,"یکی از مهمترین وظایف مدیریت امر نظارت است. در این میان نظارت بر سیستم های درمانی با توجه به مشتری ارزشمندی که مهمترین موجودی خود، یعنی جان خود را در اختیار سیستم درمانی قرار داده است اهمیت دو چندانی پیدا می کند.

عمده فعالیت اداره نظارت و بازرسی کمک به پیشبرد اهداف نظام سلامت و جلوگیری از هرگونه سوء استفاده از نظام سلامت کشور می باشد.کلان شهر تهران به دلایل عدیده ، جایگاه بارزی در عرصه بین الملل و نیز در بین شهرهای ایران دارد و به دلیل گستردگی بیش از حد و جمعیت بالای ساکن و شاغل در آن دارای ابعاد سیاسی و اجتماعی خاصی می باشد که عدم نظارت مناسب بر مراکز ارائه دهنده خدمات درمانی در آن می تواند وقایع ناگواری را به دنبال داشته باشد. تعداد بسیار زیاد بیمارستان ها، مراکز درمانی، مطب هاو موسسات پزشکی و افزایش سطح دانش و آگاهی عمومی مردم  و از طرفی تعدد انواع خدمات مجاز وگاهی غیر مجاز  همگی موید این موضوع می باشد که نظارت با اعمال مدیریتی قوی و برنامه ریزی دقیق و بکارگیری نیروهای معتمد و متعهد ضرورتی اجتناب ناپذیراست.

پرسنل این حوزه نه تنها در ساعات اداری بلکه ساعات عصر و شب، همواره در مسیر خداپسندانه به امر بازرسی و نظارت مشغول می باشند. قسمتی از شرح وظایف و عملکرد اداره نظارت و بازرسی به شرح زیر می باشد :


1-  انجام بازرسی ها ، نظارت و پایش عملکرد مراکز پزشکی ، آموزشی و درمانی ، بیمارستان ها ، مراکز جراحی محدود ،درمانگاهها، مطب ها، دفاتر کار و سایر موسسات پزشکی


2-  تهیه برنامه عملیاتی و زمان بندی جهت نظارت بر نحوه عملکرد کلیه مراکز ارایه دهنده خدمات درمانی در بخشهای دولتی ، خصوصی و خیریه در مناطق تحت پوشش(1و3و4و7و8و12و13و14و15(ضلع شمالی بزرگراه بعثت)  وشهرستان های ورامین، پاکدشت،دماوند، فیروزکوه و شمیرانات).


3-     ابلاغ قوانین، آیین نامه ها و استانداردها و شاخص های مربوط به خدمات پزشکی و نظارت بر حسن اجرای آنها .


4-     راهنمایی مراکز جهت اصلاح اشکالات و انطباق شرایط با آیین نامه ها و در صورت لزوم تذکر شفاهی یا کتبی


5-  بررسی گزارش بازدیدهای نظارتی انجام شده، حسب مورد ارسال پرونده به کمیسیون ماده 11 تعزیرات یا به سازمان نظام پزشکی یا دادسرای ویژه جرائم پزشکی .


6-     نظارت بر رعایت تعرفه های مصوب و اعلام شده .


7-     بازدید از مراکز از نظر فضا ، تجهیزات و شرایط لازم ، برای اخذ موافقت اصولی ،پروانه بهره برداری و تمدید پروانه یا مجوز(دفاتر وموسسات پزشکی) .


8-     صدور تائیدیه ها و گواهی فعالیت مربوط به خدمات پزشکان و پیراپزشکان در بیمارستان ها، درمانگاهها ومطب


9-     تعامل با سایر سازمانها از جمله سازمان نظام پزشکی ، سازمان تعزیرات حکومتی ، دادسرای جرائم پزشکی و سازمان های بیمه گر به منظور ایجاد هماهنگی بیشتر جهت تسریع و تسهیل در انجام امور نظارتی .


10-بررسی و رسیدگی به شکایات واصله در مورد تخلفات بیمارستان ها،مراکز جراحی ، درمانگاهها، مطب ها، دفاتر کار و سایر موسسات پزشکی


11-پاسخگوئی به مکاتبات صورت گرفته از سوی وزارت متبوع ، سازمان نظام پزشکی ، سایر دانشگاهها 


12- کشف فعالیت های غیر مجاز درمانی و برخورد با این فعالیت ها و تعطیلی مراکز غیر مجاز و پیگیری افراد خاطی از طریق مراجع ذیصلاح


13- انجام فعالیت های تحقیق  وتوسعه در راستای رفع مشکلات حوزه درمان، اصلاح فرایند ها، ارتقاءامور و افزایش رضایت مراجعین",
کمیسیون بهداشت و درمان مجلس شورای اسلامی,Health Commission of Islamic Parliament of Iran,کمیسیون بهداشت و درمان مجلس شورای اسلامی,T: Pub; F: Pub; AT: Pub,Policy making,National,https://rc.majlis.ir/fa/parliament_commission/health,تهران خیابان پاسداران، روبروی پارک نیاوران(ضلع جنوبی)، پلاک 802,Tehran,No,,"ررسی طرحها و لوایح ارجاعی و گزارش آن به مجلس شورای اسلامی.
 بررسی و تصویب آزمایشی طرحها و لوایح و همچنين تصویب دائمی اساسنامه سازمانها، شرکتها و
مؤسسات دولتی یا وابسته به دولت طبق اصل هشتادوپنجم ( )85قانون اساسی.
 رسيدگی به درخواستهای تحقيق و تفحص.
 رسيدگی به سؤال نمایندگان از رئيسجمهور و وزیران.
 بررسی موارد ارجاعی از لوایح برنامه توسعه و بودجه ساليانه و گزارش آن به کميسيون تلفيق.
 کسب اطلاع از کموکيف اداره امور کشور، دریافت و بررسی گزارشهای عملكردی و نظارتی از اجرای
قوانين مربوط به دستگاههای ذیربط.
 تهيه گزارش موردی و ساليانه درخصوص امور اجرایی دستگاهها و نحوه اجرای قوانين بهخصوص
قانون برنامه توسعه و بودجه ساليانه و ارائه نكات مثبت، منفی و پيشنهاد نحوه اصلاح آن و تقدیم به
مجلس جهت قرائت",High
معاونت امور علمی، فرهنگی و اجتماعی سازمان مدیریت و برنامه ریزی کشور,"Deputy for Scientific, Cultural and Social Affairs",معاونت امور علمی، فرهنگی و اجتماعی سازمان مدیریت و برنامه ریزی کشور,T: Pub; F: Pub; AT: Pub,Policy making,National,https://dscsa.mporg.ir/Portal/View/Page.aspx?PageId=2f49eb8e-c2ff-45aa-8fd0-7014aec79c56,,Tehran,No,,"مشاركت در طراحي و استقرار نظام برنامه‌ريزي كشور و راهبري برنامه‌ريزي توسعه امور مربوط به آموزش و پرورش عمومي و فني و حرفه‌اي، آموزش عالي، تحقيقات و فناوري، فرهنگ، گردشگري و ورزش.،سلامت و رفاه اجتماعي و امورعمومي ، قضايي، دفاعي و امنيتي
۲.        راهبري و هماهنگي امور بخش هاي مربوط در زمينه تدوين چشم‌انداز، برنامه‌هاي بلندمدت، ميان‌مدت توسعه بخشي با رعايت ضوابط بالادستي و مستندسازي آنها.
۳.        تهيه، تنظيم و تدوين برنامه‌هاي توسعه امور مربوط در جهت تحقق اهداف اسناد بالادستي در چارچوب نظام برنامه‌ريزي.
۴.        راهبري و هماهنگي بين بخشي مربوطه، ملي ـ استاني و منطقه‌اي (توسعه پايدار و متوازن) و مشاركت در تلفيق برنامه‌هاي توسعه امور مربوط.
۵.        بررسي، تهيه و تدوين اهداف، الگوها، سياست‌ها، خط‌مشي‌ها، راهبردها و شاخص‌هاي ارزيابي توسعه امور مربوط با تأكيد بر تحقق اهداف اسناد بالادستي.
۶.        بررسي و ارائه پيشنهادهاي لازم در زمينه تأمين مالي، رفع موانع توليد و سرمايه‌گذاري، ارتقاء بهره‌وري و رقابت‌پذيري، بهبود محيط كسب و كار، روش‌هاي كارآمد خصوصي سازي و توسعه مشاركت‌هاي مردمي (افزودن اهم مصاديق خاص بخشي حسب مورد).
۷.        آسيب‌شناسي، رصد، پايش و تحليل روند توسعه امور بخش مربوط بمنظور تحول بنيادين در راهبري توسعه كشور.
۸.        مشاركت در تهيه و تنظيم آيين‌نامه‌ها، دستورالعمل‌ها و شيوه‌نامه‌هاي اجرايي مواد قانوني برنامه‌هاي توسعه امور مربوط با هماهنگي و همكاري مراجع ذيربط.
۹.        مشاركت در تهيه و تدوين بخشنامه بودجه، دستورالعمل‌ها و ضوابط ناظر بر تهيه و تنظيم برنامه و بودجه‌هاي سالانه.
۱۰.        راهبري و هماهنگي تهيه برنامه و بودجه سالانه بخش‌ها و دستگاه‌ها، شامل منابع بودجه و مصارف هزينه‌اي و تملك دارايي‌هاي سرمايه‌اي و مالي، و شركت‌هاي دولتي ذيربط و تنظيم و تلفيق آنها مطابق با سياست‌ها و خط‌مشي‌ها و ضوابط ابلاغي.
۱۱.        هماهنگي، راهبري و مشاركت در فعاليت‌هاي مرتبط با اجراي بودجه سالانه كشور (ضوابط اجرايي، ابلاغ، تخصيص، مبادله موافقتنامه‌ها و ...) و تهيه و تنظيم آيين‌نامه‌ها و دستورالعمل‌ها و احكام بودجه سالانه.
۱۲.        مشاركت در تهيه و تدوين سياست‌ها و ضوابط تخصيص اعتبارات و اقدام به تخصيص سهميه‌هاي اعلامي به مصارف هزينه‌اي، سرمايه‌اي، مالي در چارچوب سياست‌ها و ضوابط مذكور.
۱۳.        مشاركت در تهيه و اظهارنظر درخصوص لوايح و موضوعات مطروحه در هيأت دولت و ساير مراجع تصميم‌گيري و اظهارنظر پيرامون طرح‌هاي مجلس شوراي اسلامي در حوزه امور مربوط.
۱۴.        نظارت بر عمليات طرح‌ها و پروژه‌ها و فعاليت‌ها در بودجه‌هاي سالانه در دستگاه‌هاي اجرايي مربوط.
۱۵.        نظارت بر تحقق اهداف، نتايج و دستاوردهاي برنامه‌هاي توسعه بخش‌هاي مربوط.
۱۶.        تهيه و تدوين گزارش‌هاي ادواري اقتصادي و نظارتي درخصوص تحقق اهداف برنامه‌هاي توسعه و بودجه‌هاي سالانه در امور مربوط و مشاركت در تلفيق آنها.
۱۷.        شركت در مجامع عمومي، شوراها و هيأت‌هاي امناء و كميسيون‌هاي مربوط (حسب اعطاي نمايندگي از جانب رياست سازمان).
۱۸.        راهبري، هماهنگي و انجام مطالعات، بررسي‌ها و تجزيه و تحليل وضعيت بخش‌هاي مرتبط براي ارائه و بكارگيري در برنامه‌ها و سياست‌ها.
۱۹.        بررسي و اظهارنظر تخصصي پيرامون طرح‌هاي تملك دارايي‌هاي سرمايه‌اي و پروژه‌هاي جديد و افزايش احجام و اهداف كمي طر‌هاي موجود مستند به ماده (۲۳) قانون تنظيم بخشي از مقررات مالي دولت (۲) به دبيرخانه ذيربط.
۲۰.        بررسي و اظهارنظر تخصصي پيرامون سرمايه‌گذاري‌هاي شركت‌هاي دولتي ذيربط از محل منابع داخلي، مجوز تأمين منابع مالي خارجي و مجوزهاي ترك تشريفات مناقصه و ساير الزامات قانوني به اموراقتصاد مقاومتي و شوراي اقتصاد.
۲۱.        مشاركت در تدوين ضوابط ملي آمايش سرزمين و راهبري برنامه‌هاي بخشي در قالب اقتضائات مزيت‌هاي منطقه‌اي و آمايش سرزمين.
۲۲.        همكاري با سازمان اداري استخدامي كشور بمنظور تطابق و هماهنگي امور تشكيلاتي ، جذب واستخدام نيروي انساني با برنامه ها و بودجه دستگاه هاي مرتبط.

۲۳.        ارتباط مؤثر و هم‌انديشي با تشكل‌هاي تخصصي،‌ صنفي و حرفه‌اي فراگير، دانشگاه‌ها و مراكز و مؤسسات پژوهشي و انديشمندان مرتبط با امور.

",High
انجمن دندانپزشکان عمومی ایران,Iranian general dentists association,انجمن دندانپزشکان عمومی ایران,,Advocacy,National,https://igda.ir/,تهران- بزرگراه مدرس شمال- بلوار میرداماد- خیابان بن بست قدوسی- پلاک 1,Tehran,No,2000,ر 19 اسفند ماه 1379 انجمن دندانپزشکان عمومی ایران با هدف استراتژیک تامین منافع علمی، صنفی و حرفه ای دندانپزشکان عمومی در سراسر کشور که بزرگترین طیف دندانپزشکان کشور را تشکیل می‌دهند، تأسیس شد.,Low
انجمن جراحان گوش گلو بینی و سروگردن ایران,Iranian society of otolaryngology head and neck surgery,انجمن جراحان گوش گلو بینی و سروگردن ایران,T: Prv; F: Dentists; AT: Dentists,Advocacy,National,http://www.iranent.com/,تهران اميرآباد شمالي، بالاتر ازبلوار کشاورز- کوچه صدوقی - پلاک 8,Tehran,No,1954,,Low
انجمن جراحان پلاستیک و زیبایی ایران,Iranian society of plastic and aesthetic surgeons,انجمن جراحان پلاستیک و زیبایی ایران,T: Prv; F: Dentists; AT: Surgeons,Advocacy,National,http://ispas.ir/,تهران، خیابان آفریقا، بعد از چهارراه جهان کودک، خیابان پدیدار، پلاک 26، واحد 10,Tehran,No,1955,"انجمن جراحان پلاستیک و زیبایی ایران یکی از انجمن‌های قدیمی با قدمتی ۶۰ ساله بوده که هم سطح با پایه‌گذاری انجمن‌های علمی دنیا است. انجمن جراحان پلاستیک و زیبایی ایران به همت پیشکسوتان این رشته تاسیس شده و از آموزش‌های صاحب نظران شناخته شده جهان همچون پروفسور فقید پل تسیه (Paul Tessier)، جو موری (Joe Murry) (دارنده جایزه نوبل) و پروفسور میشون (Prof. Mission) برخوردار بوده است. این افراد متخصص و به نام، با مسافرت‌های متعدد از سال ١٣٣٤ شمسی به بیمارستان سوانح و سوختگی شهید مطهری، جراحان پلاستیک کشورمان را آموزش داده و به پایه‌گذاری و ارتقای جایگاه این رشته در ایران کمک‌های شایانی کرده‌اند. در این راستا، هشت سال دفاع مقدس نقطه عطفی در جراحی پلاستیک و زیبایی ایران بود. در این مدت نه تنها جراحان این رشته به صورت شبانه روزی و با صداقت تمام، کمر به خدمت مجروحین جنگ تحمیلی بستند بلکه جنگ تحمیلی خود عاملی در شکوفایی این رشته در کشورمان شد. عدم آشنایی با ترمیم ضایعات جنگی که خود با ضایعات روزمره اختلاف زیادی داشت، باعث شد که مراکز علمی و نهادهای مسئول از جمله بنیاد جانبازان، برای درمان جانبازان جنگی با دعوت از جراحان شناخته شده و پیشکسوت جهانی در این رشته که در جنگ جهانی دوم تجارب با ارزشی را کسب کرده بودند، به بهبود کیفیت خدمات تشخیصی و درمانی کمک نمایند. جراحان ایرانی نیز در مدت زمان کوتاهی آموزش دیده و خود ادامه درمان این مجروحان را به عهده گرفتند.

تبحر در کار جراحی ترمیمی که قسمتی از کار جراحی پلاستیک و زیبایی را تشکیل می‌دهد، جراحان پلاستیک کشورمان را بدان حد آشنا و توانا کرد که جراحی زیبایی را به سهولت و به نحو بسیار عالی در اختیار افرادی که نیاز به جراحی داشتند، قرار داد.سرلوحه جراحی پلاستیک و زیبایی، فطرت زیبایی پسند انسان است و این امر در فرهنگ اصیل ایرانیان نیزریشه دارد. این موضوع در آموزه‌های مذهبی ما نیز جایگاه ویژه‌ای داشته و به مصداق الله جمیل و یحب الجمال، خالق و مخلوق زیبایی را دوست دارند.

خوشبختانه جراحان ایرانی در تمامی زمینه‌های این رشته، از علم و توانایی کافی برخوردار بوده و در سطح کشورهای معتبر این رشته قرار دارند. روزانه تعداد زیادی اعمال جراحی پلاستیک و زیبایی مختلف و با نتایج بسیار خوب، در کشور ما انجام می‌شود. بینی که از شاخص‌ترین و برجسته‌ترین قسمت‌های صورت است، در کشور ما بیشترین عمل زیبایی را به خود اختصاص می‌دهد. متخصصین ما در این رشته دارای توانایی و تبحر منحصر به فردی هستند. متاسفانه دخالت افراد غیر متخصص در این رشته همواره دردسرهایی برای بیماران و نیز این انجمن داشته است.",Low
انجمن رادیولوژی ایران,Iranian society of radiology,انجمن رادیولوژی ایران,,Advocacy,National,https://www.isr.org.ir/,تهران ، پونک ، خیابان شهید مخبری (۳۵ متری گلستان) ، بین سردار جنگل و ایران زمین ، پلاک 105,Tehran,No,1966,"نجمن رادیولوژی ایران که در سال 1345 توسط مرحوم دکتر روح الامینی تاسیس شد، این انجمن در آغاز هم نقش یک نهاد تخصصی و نیز یک انجمن علمی با تمرکز بر علم و طبابت رادیولوژی در ایران را داشت.

این انجمن در حال حاضر بیشتر از 2000 عضو  و 25 شاخه استانی در شهر های بزرگی مانند اصفهان و تبریز دارد.

انجمن رادیولوژی ایران دارای کمیته های تخصصی بسیاری متشکل از اساتید دانشگاهی و متخصصین مجرب می باشد  که کار آموزش و مشاوره های تخصصی را در زمانهای تصمیم گیری انجام میدهند.

فعالیتهای علمی انجمن شامل برگزاری کنگره های سالانه است که مهم ترین آنها کنگره رادیولوژی ایران،بزرگترین گردهمایی رادیولوژیستها و سایر  متخصصین علوم  مرتبط با رادیولوژی ، و نیز کنفرانس سالانه انفورماتیک تصویربرداری در کنار بسیاری دیگر از دوره های بازآموزی در کشور می باشد.

کنگره   رادیولوژی ایران همه ساله افتخار دارد که میزبان میهمانانی از سایر کشورهای دنیا باشد.همچنین نمایشگاه تجهیزات پزشکی در حاشیه کنگره رادیولوژی ایران محلی برای نمایش آخرین دستاوردهای تجهیزات پیشرفته است که توسط شرکتهای داخلی و یا نمایندگان شرکتهای بین المللی ارائه می گردد.

 انجمن رادیولوژی ایران   نقش مشاوره ای در آیین نامه های مربوط به رادیولوژی کشور و سیاستگذاری و تصمیم گیری با وزارت بهداشت و سازمان نظام پزشکی کشوروبه این ترتیب نشان دادن مرزهای تخصصی رادیولوژی در سطوح ملی دارد. انجمن رادیولوژی ایران عضو اتحادیه انجمنهای تخصصی نیز می باشد.

 ",Low
انجمن پزشکی لیزری ایران,Iranian medical laser association,انجمن پزشکی لیزری ایران,T: Prv; F: Dentists; AT: Dentists,Advocacy,National,http://irmla.ir/,تهران، چهارراه جهان کودک، ابتدای افریقای شمالی، ضلع شمال پارک خشایار، برج افرا، طبقه همکف، واحد 3,Tehran,No,2002,"سير تحولات اجتماعی و نگاه دقيق تر به جايگاه بنگاه های خصوصی غير انتفاعی نشان از تغييرات گسترده و معنی دار در اداره امور جامعه دارد.به اين معنی که هر گاه امور اجتماعی وعلمی در اختيار صاحبان فن وآشنايان به زبان وکلام آن موضوع قرار گرفته،سرعت،دقت و قدرت امور شدت يافته و توانسته است به جايگاه رفيع تری دست يابد. انجمن علمی پزشکی ليزری ايران نيز از اين قاعده مستثنی نبوده و در حرکتی رو به جلو با قدرت از کليه اعضاء دعوت به همکاری نموده که ثمره آن شرکت گسترده اعضاء در جلسات،کارگاه ها ودوره های آموزشی وايجاد فضاهای جديد در فعاليت های انجمن است.در همين راستا وبا حرکتی اصولی وايجاد تحول و جوان گرايی در هيئت مديره با انتخاب اعضاء جديد در آخرين انتخابات روح جديدی در کالبد انجمن دميده شد.
از اهداف عمده و مهم انجمن علمی پزشکی ليزری ايران ايجاد بستر مناسب آموزشی و فرهنگ سازی در خصوص استفاده بهينه از ليزر است.هر چند که اين مهم نياز به صرف زمان و فعاليت پيگير دارد ليکن اصول وقواعدی بر آن وارد است که انجمن با درک اين عوامل در استراتژی کوتاه،ميان وبلند مدت خود به آن پرداخته است. برگزاری همايش،کنفرانس،دوره های آموزشی وکار گاه ها، همه وهمه در خدمت عوامل آموزشی و پژوهشی است تا با تکيه برمبانی علمی و تحقيقاتی نسبت به زدودن از چهره ابزاری بودن ليزر بردارند و آن را در خدمت هموطنان وبيماران نياز مند قرار دهند. در کنار اين امر خطير ،غنا بخشی به معانی ومفاهيم، آموزش های مداوم پيگير و اجرای کارگاه های عملی به منظور افزايش کارايی پزشکان ومتخصصان از مواردی است که انجمن طی اين مدت برای رسيدن به آن تمامی توان خود را به کار برده است. لیزر پزشکی پس از گذشت 50 سال دیگر به عنوان یک ابزار پزشکی شناخته نمی شود و به عنوان یک زیر شاخه اصلی در شاخه بیوفتومدیسن Biophoto-medicine که یک شاخه تخصصی شناخته شده است، به حساب می آید. امروزه در بسیاری از کشورها این شاخه ی تخصصی در دانشکده های پزشکی جایگاه آموزشی خاصی یافته است.
کشور ایران با توجه به تحقیقات و پژوهش های متفاوتی که در عرض 10 سال گذشته در این شاخه داشته ، توانسته است جایگاه ویژه ای در میان کشور های جهان به دست آورد. بعضی از موارد قابل ذکر که نشانگر رشد این شاخه ی پزشکی در ایران می باشد عبارتند از:
- کسب رتبه ی اول ارائه مطالعات در کنگره جهانی لیزر پزشکی در سال 2006 ( روسیه رتبه دوم و آمریکا رتبه سوم)
- کسب رتبه اول بهترین مقاله در کنگره لیزر پزشکی اروپا در سال 2007
- به عضویت در آمدن ایران به نمایندگی خاور میانه در هیئت بورد انجمن جهانی لیزر پزشکی (WALT) در سال 2008
- به عضویت در آمدن ایران در هیئت بورد انجمن لیزر پزشکی اروپا(EMLA) در سال 2009
از آن جا که لیزر پزشکی در تمام زیر شاخه های تخصصی ( داخلی و زیر شاخه های فوق تخصصی آن ، زنان، جراحی، بیهوشی، اطفال، طب فیزیکی، ارتوپدی، اعصاب، اورولوژی ،انکولوژی، قلب و ریه ، پوست ، چشم پزشکی، طب ورزش، ENT....) کاربرد و جایگاه ویژه ای یافته ، مهم است که جهت استفاده از این دانش، آموزش های خاص در نظام آموزشی پزشکی کشور در نظر گرفته شود. این حق بیماران است که از تکنولوژی های جدید برای درمان خود بهره مند شوند ولی باید این درمان ها توسط پزشکان آموزش دیده و آگاه در این شاخه ارائه شود.
بیماران باید از منفعت ها و عوارض این شیوه درمان به خوبی آگاه شوند و پزشک ارائه دهنده درمان لیزری بایستی اطلاعات کافی در مورد عوارض، ایمنی لیزر پزشکی و راه های کاهش عوارض داشته باشد و این اطلاعات را به طور کامل در اختیار بیماران قرار دهد .عدم آگاهی پزشکان در این زمینه منجر به عوارضی می گردد که بایستی به آن ها توجه کرد.
معدود پزشکانی که از لیزر استفاده می کنند بعضا به تبلیغ ها و ادعا های بی اساس غیر علمی می پردازند که بیماران بدون آگاهی کامل در معرض این عوارض قرار می گیرند. ضروری است که برای حفظ حقوق بیماران بر این موارد نظارت اعمال شود. بالغ بر 140،000 دانش آموخته پزشکی وجود دارند که در دوران تحصیل خود حتی یک خط لیزر پزشکی مطالعه نکرده اند و اطلاعات کافی در این زمینه ندارند، در بسیاری از موارد این امر منجر به انتقال اطلاعات نادرست به بیماران می شود. به همين دليل شرايط ايجاب می نمايد که برای دانشجویان پزشکی آینده واحد لیزر پزشکی در برنامه آموزشی آنها در نظر گرفته شود، انجمن علمی پزشکی لیزری ایران در جهت حفظ حقوق بیماران و در جهت ارتقاء دانش پزشکان فارغ التحصیل سال های قبل، در عرض چند سال گذشته به بررسی راه کارهائی پرداخته است و با مطالعه در دیگر کشور های جهان و همسان سازی با استانداردهای بین المللی و با الگو از آکادمی ها و انستیتو ها ی آموزشی در کشور هائی مثل کانادا، استرالیا، آمریکا، اروپا... برنامه هائی در دست دارد تا با پیشنهاد آن ها راه حلی برای این مشکلات داشته باشد.
دکتر سهیلا مکملی
رئیس انجمن علمی پزشکی لیزری ایران",Low
انجمن ترویج تغذیه با شیرمادر ایران,Iranian scientific breastfeeding promotion society,انجمن ترویج تغذیه با شیرمادر ایران,T: Prv; F: PRV; AT: Mothers,Advocacy,National,http://www.shiremadar.com/,خیابان ولیعصر - بالاتر از میدان ولیعصر - نرسیده به خیابان زرتشت - کوچه دانش کیان - پلاک 24 - طبقه همکف,Tehran,No,2013,"در راستای اجرای اهداف انجمن ترویج تغذیه با شیرمادر به خصوص ارتقای سطح دانش و عملکرد همکاران محترم پزشک و پیراپزشک در زمینه اهمیت و مزایای تغذیه شیرخواران با شیرمادر از طریق گسترش فعالیت های آموزشی، هیئت مدیره انجمن اقدام به اخذ مجوز فعالیت انجمن علمی از معاونت آموزشی وزارت بهداشت، درمان و آموزش پزشکی نمودند .
   انجمن علمی ترویج تغذیه با شیرمادر ایران پس از کسب پروانه فعالیت انجمن های علمی از دی ماه 1392، فعالیت خود را آغاز نمود که رأساً توانست سمینارها و کارگاه های آموزشی متعدد را در مراکز آموزشی درمانی (خصوصی و دولتی) برگزار نماید که از طریق لینک سامانه آموزش مداوم در صفحه اصلی سایت، قابل بررسی می باشد .
   همچنین به عنوان مرکز همکار با دانشگاه علوم پزشکی شهید بهشتی دوره های کوتاه مدت حرفه ای تربیت مشاور شیردهی را برگزار نمود که در حال حاضر مشاورین آموزش دیده این دوره ها به صورت دولتی یا خصوصی، خدمات ارزشمندی به مادران دارای فرزند شیرخوار ارائه می دهند.
    همان طور که در فعالیت های انجمن ترویج تغذیه با شیرمادر اشاره گردید از مهرماه سال 1397 کلیه فعالیت های آن انجمن به انجمن علمی ترویج تغذیه با شیرمادر ایران واگذار شده است .",Low
انجمن علمی آموزشی پزشکی ایران,Iranian scientific association of medical education,انجمن علمی آموزشی پزشکی ایران,,Advocacy,National,http://www.iranianame.org/,تهران، میدان قدس، بیمارستان شهدای تجریش، مرکز تحقیقات سرطان، پلاک 3، طبقه دوم,Tehran,No,1996,"انجمن علمی آموزش پزشکی به عنوان یک سازمان غیر دولتی به استناد مصوبه ی دویست و شصت و دومین جلسه ی مورخ 7/8/70 شورای عالی انقلاب فرهنگی در سال 1375 در زمینه های علمی ، تحقیقاتی ، تخصصی و فنی با اهداف زیر شروع به فعالیت نمود.

اهداف انجمن علمی آموزش پزشکی 
1- توسعه ی علم آموزش پزشکی 
2- افزایش آگاهی اساتید و مسئولان در زمینه های آموزش پزشکی 
3- حفظ حقوق و منافع قانونی مشترک اعضای انجمن 
4- برقراری و تبادل اطلاعات و ارتباطات مابین اعضاء 
5- تهیه و انتشار مطالب علمی از طریق چاپ بولتن و مجلات علمی 
6- ترغیب کلیه اعضاء انجمن به رعایت اصول علمی و استانداردهای تدوین شده ی ملی 
7- هدایت اعضای انجمن برای دست یابی به استانداردهای بین المللی در زمینه های آموزش پزشکی در انجام فعالیت های علمی خویش 
8- تهیه و اجرای طرح های لازم برای تحصیل سرمایه جهت انجام فعالیت های مرتبط با موضوع انجمن 
9- کمک به برنامه ریزی تربیت نیروی انسانی در گروه پزشکی 

وظایف زیر برای تحقق اهداف انجمن تعیین شده است: 

1- ایجاد ارتباط علمی و فنی، تحقیقاتی ، آموزشی و تبادل نظر بین محققان و متخصصان و سایر کارشناسانی که به نحوی با شاخه های گوناگون در گروه پزشکی سر و کار دارند. 

2- همکاری با وزارت بهداشت، درمان و آموزش پزشکی و دانشگاه ها و موسسات اموزشی و پژوهشی در برنامه ریزی امور آموزشی ، پژوهشی و برگزاری گردهمایی ها و آموزش مداوم 

3- ارزیابی و بازنگری برنامه های آموزشی و پژوهشی با ارائه ی پیشنهادهای لازم در مسائل مذکور 

4- ارائه ی خدمات آموزشی ، علمی ، پژوهشی ، فنی و مشاوره ای 

5- ترغیب و تشویق دانشمندان، پژوهشگران و دانشجویان در پیشبرد فعالیت های علمی پژوهشی و آموزشی 

6- تهیه و تدوین و انتشار نشریات علمی و آموزشی 

7- برگزاری گردهمایی های آموزشی و پژوهشی و آموزش مداوم در سطوح داخلی و خارجی با رعایت قوانین و مقررات جاری کشور 

با توجه به این که نزدیک به 23 سال است که انجمن آموزش پزشکی کشور مشغول فعالیت می باشد کارنامه ی درخشانی را برجای گذاشته و خدمات ارزنده ای در زمینه ی ارتقاء کیفیت آموزش و پژوهش و تعالی دستاوردهای آموزش پزشکی کشور ارائه نموده است که بدون تردید حاصل تلاش و زحمات اعضای هیئت مدیره و کلیه اعضای انجمن و علاقه مندان آموزش پزشکی کشور بوده است.اکنون که اعضای خانواده ی آموزش پزشکی روز به روز بیشتر شده انجمن آموزش پزشکی در صدد است تا از طریق پشتیبانی، هدایت ، حمایت ، مدیریت و مشاوره فعالیت های علمی ، آموزشی ، پژوهشی و خدماتی و تبیین و تولید و ارائه ی برنامه های آموزشی به صورت دوره ها ، کارگاه ها ، سمینارها و گردهمایی های علمی با بهره گیری از فن آوری های نوین اطلاعاتی و ارتباطی امکان برقراری ارتباط و تبادل اطلاعات علمی را به صورت حضوری و غیر حضوری فراهم نماید. همچنین در راستای ترغیب و جاب مشارکت کلیه اعضای هیئت علمی ، دانشجویان و مدیران در تولید علم ، طراحی ، تدوین و هجرای پروژه های پژوهشی ، برنامه های آموزشی و خدمات فنی و مشاوره ای با شناسایی نیاز ها و زمینه های علاقه مندی و آمادگی خهت همکاری اعضاء و علاقه مندان آموزش پزشکی کشور امکان عضویت آنان را فراهم می نماید تا با یاری و مشارکت جمعی در راه توسعه و پیشبرد اهداف آموزش پزشکی کشور گام برداریم.",Low
انجمن علمی پریودنتولوژی,The Iranian Academy of Periodontology,انجمن علمی پریودنتولوژی,T: Prv; F: Dentists; AT: Dentists,Advocacy,National,http://www.iap.ir/,تهران گيشا خيابان شهيد عليالي (پيروزي غربي) پلاک 90 طبقه همکف,Tehran,No,2001,http://new.iap.ir/index.php?m_id=693,Low
انجمن علمی راینولوژی ایران,Iranian Rhinology Society,انجمن علمی راینولوژی ایران,T: Prv; F: Dentists; AT: Rhinologist,Advocacy,National,http://irfpcongress.ir/fa/,"تهران, خیابان کارگر شمالی ، بالاتر از بلوار کشاورز، خیابان صدوقی پلاک ۸",Tehran,No,2008,-,Low
انجمن علمی آسیب شناسان دهان، فک و صورت ایران,Iranian Association of Oral and Maxillofacial Pathology,انجمن علمی آسیب شناسان دهان، فک و صورت ایران,T: Prv; F: Dentists; AT: Dentists,Advocacy,National,http://oralpathology.ir/,تهران- کوی نصر-خیابان شهید علیالی غربی-پلاک۹۰,Tehran,No,2000,-,Low
انجمن علمی ارتودنیست‌های ایران,Iranian Orthodontics Association,انجمن علمی ارتودنیست‌های ایران,T: Prv; F: Dentists; AT: Dentists,Advocacy,National,http://iao.ir,تهران- کوی نصر-خیابان شهید علیالی غربی-پلاک۹۰,Tehran,No,2000,,Low
انجمن علمی اندودانتیست‌های ایران,Iranian Association of Endodontuics,انجمن علمی اندودانتیست‌های ایران,T: Prv; F: Dentists; AT: Dentists,Advocacy,National,http://irae.org/,کوی نصر(گیشا) ، پیروزی غربی، پلاک ۸۳ طبقه ۴ واحد شمالی کد پستی۱۴۴۷۷۴۴۷۷۱,Tehran,No,1995,نجمن اندودانتيست‌هاي ايران (Iranian Assocciation of Endodontists) يك تشكل علمي و صنفي با هدف تأمين، حفظ و ارتقاء سلامت سطح سلامت آحاد جامعه در حيطه مرتبط با اين علم تشكيل گرديده و براي رسيدن به اين هدف، افزايش سطح اطلاعات و آگاهي‌ها، تغيير در نگرش و ارتقاء مهارتهاي علمي همكاران محترم دندانپزشك و اندودانتيست مطابق با آخرين دستاوردهاي علمي را سرلوحه فعاليت‌هاي خود قرار داده است.,Low
انجمن علمی ایمپلنتولوژی ایران,Iranian Association of Implantology,انجمن علمی ایمپلنتولوژی ایران,T: Prv; F: Dentists; AT: Dentists,Advocacy,National,http://iaimplant.ir/,تهران ، کوی نصر (گیشا ) خیابان شهید علییالی ، پلاک ۸۳ طبقه اول,Tehran,No,2013,-,Low
انجمن علمی بیماری‌های دهان و تشخیصی ایران,Iranian association of oral medicine,انجمن علمی بیماری‌های دهان و تشخیصی ایران,T: Prv; F: Dentists; AT: Dentists,Advocacy,National,https://iaomfm.com/,ایران، تهران، کوی نصر (گیشا)، خیابان علیایی، پلاک 83,Tehran,No,2003,-,Low
انجمن علمی پروستودونیست‌های ایران,Iranian association of prosthodontists,انجمن علمی پروستودونیست‌های ایران,T: Prv; F: Dentists; AT: Dentists,Advocacy,National,http://www.iapr.ir/,ایران، تهران، کوی نصر (گیشا)، خیابان علیایی، پلاک 84,Tehran,No,1976,انجمن پروستودونتیست­ های ایران قدیمی ­ترین انجمن تخصصی دندانپزشکی کشور بوده و از لحاظ قدمت و سابقه بعد از انجمن (جامعه) دندانپزشکی ایران، دومین انجمن علمی دندانپزشکی کشور محسوب می ­شود. اصولا متخصصان پروتز در کشور همواره در خط مقدم تحولات علمی و صنفی قرار داشته­ اند که یکی از مهمترین اقدامات آنها تشکیل انجمن پروستودونتیست­ های ایران بوده است.,Low
انجمن علمی جراحان دهان، فک و صورت,Iranian Association of Oral and Maxillofacial Surgeons,انجمن علمی جراحان دهان، فک و صورت,T: Prv; F: Dentists; AT: Dentists,Advocacy,National,http://soms.ir/,بزرگراه کردستان جنوب، خیابان ابراهیمی (هفدهم)، پلاک 50 و 48,Tehran,No,1974,,Low
انجمن متخصصین دندانپزشکی ترمیمی ایران,Iranian association of conservative restorative dentistry,انجمن متخصصین دندانپزشکی ترمیمی ایران,T: Prv; F: Dentists; AT: Dentists,Advocacy,National,http://iacrd.ir,گیشا- خ علیالی غربی- پ ۸۳,Tehran,No,2001,,Low
انجمن علمی رادیولوژی دهان، فک و صورت,Iranian association of oral and maxillofacial radiology,انجمن علمی رادیولوژی دهان، فک و صورت,T: Prv; F: Dentists; AT: Dentists,,National,http://iaomfr.com/,تهران کوی نصر خیابان شهید علیالی انجمن دندانپزشکی ایران طبقه اول انجمن رادیولوژی دهان فک و صورت ایران پلاک ۸۳,Tehran,No,1993,"اهداف کلی
تبديل شدن به كانون ملي آموزش و تحقیقات در زمینه رادیولوژی دهان فک و صورت

١- مرتفع ساختن نيازهاي آموزشی – تحقیقاتی جامعه پزشكي درزمینه رادیولوژی دهان فک و صورت

٢- توسعه تحقيقات  در زمينه رادیولوژی دهان فک و صورت به  منظور استفاده از توانايی های بالقوه و بالفعل محققين

٣- همکاری  با  سایر انجمنهای علمی و مراکز پژوهشی  مرتبط با رادیولوژی داخل و خارج از کشور

۴- ساماندهی تشکيلات و فرآيند های مرکزی

فعالیت ها
مهمترین فعالیتهای انجمن رادیولوژی دهان فک و صورت ایران عبارتند از:

برگزاری کنفرانس ها و سمینارها علمی پژوهشی موردی و ادواری  در سطح ملی و منطقه ای
ارائه آموزشهای  تخصصی  رادیولوژی دهان فک و صورت
تدوین مواد آموزشی در زمینه رادیولوژی دهان فک و صورت
حمایت از فعالیتهای کاربردی و تولیدی در زمینه رادیولوژی دهان فک و صورت
حمایت از انجام پژوهشهای رادیولوژی دهان فک و صورت در جهت ارتقاء سطح سلامت
برقراری ارتباط با  سایر انجمنها و سازمانهای مرتبط با حوزه  رادیولوژی دهان فک و صورت در سطح ملی و بین المللی و ایجاد همکاری های فی مابین
جلوگيري از دخالت غير راديولوژيست ها در امور تصویربرداری
همكاري با وزارت بهداشت و سازمان نظام پزشكي در جهت تدوين و تعيين تعرفه هاي خدمات تصويربرداري دهان فک و صورت
خدمات مشورتي به معاونت هاي مختلف وزارت بهداشت
همكاري با شركتهای توليد كننده و وارد كننده تجهيزات ويژه راديولوژي دهان فک و صورت
همكاري نزديك با وزارت بهداشت درمان و آموزش پزشكي در جهت تدوين و تصويب آيين نامه موسسات و مراكز تصويربرداري كشور
اطلاع رسانی به عموم جامعه رادیولوژیست ها ی دهان فک و صورت بوسیله سایت و کانال تلگرامی انجمن
ارائه خدمات مشاوره ای به همکاران رادیولوژیست دهان فک و صورت و دستگاههای اجرایی کشور
ارتباطات بين المللی و حضور در کنگره های معتبر بین المللی
انتشار کتب و نشريات علمی مرتبط به رادیولوژی
ايجاد ارتباط بين متخصین رادیولوژی  دهان فک و صورت و انجمن رادیولوژی دهان فک و صورت",Low
انجمن علمی زیست مواد دندانی ایران,,,T: Prv; F: Dentists; AT: Dentists,,National,ima-net.ir,تهران- گیشا- خیابان علیالی غربی- پلاک ۸۳- طبقه دوم,Tehran,No,,,Low
دانشکده دندان‌پزشکی اراک        ,"School of dentistry, Arak university of medical sciences",دانشکده دندان‌پزشکی اراک        ,T: Pub; F: Pub; AT: Pub,Education & research,Provincial,https://arakmu.ac.ir/school-dentistry/fa/page/3110/%D8%B5%D9%81%D8%AD%D9%87-%D8%A7%D8%B5%D9%84%DB%8C,اراک- خیابان هپکو بلوار نواب صفوی روبروی اداره پست 3817979438,Markazi,No ,2012,"١-تربيت نيروي متخصص و كارآمد در دوره ي دكتري دندانپزشكي و تخصصي ٨-تلاش در جهت انتشار مجله تخصصي حيطه دندانپزشكي در دانشكده
٩-ارتقاي كمي و كيفي آموزش دندانپزشكي
٢-تلاش در جهت به روز رساني دانش و مهارت هاي حرفه ي دانش آموختگان شاغل در
استان
٣-مشاركت در ارتقاي سلامت و دانش عمومي،دهان و دندان جامعه
٤-بستر سازي و توسعه پژوهش هاي بنيادي و كاربردي
٥-مشاركت در ارائه خدمات دندانپزشكي بيمارستاني
٦-تلاش در جهت مشاركت هاي بين المللي و جذب دانشجوي بين المللي
٧-مشاركت با مراكز سياست گذار و موثر در امر سلامت دهان و دندان",Low
دانشکده دندان‌پزشکی ارتش,"Dental school, Aja university of medical siences",دانشکده دندان‌پزشکی ارتش,T: Pub; F: Pub; AT: Pub,Education & research,Provincial,https://dentistry.ajaums.ac.ir/,آجودانیه ، انتهای خیابان سیزدهم شرقی ، مجموعه میثاق ، دانشکده دندانپزشکی ارتش جمهوری اسامی ایران,Tehran,No,2009,-,Low
دانشکده دندان‌پزشکی اردبیل,"Dental school, Ardabil university of medical siences",دانشکده دندان‌پزشکی اردبیل,T: Pub; F: Pub; AT: Pub,Education & research,Provincial,https://dentistry.arums.ac.ir/fa,اردبیل:خیابان دانشگاه، بالاتر از دریاچه شورابیل- دانشگاه علوم پزشکی اردبیل- دانشکده دندانپزشکی 5618953141,Ardabil,No,2010,-,Low
دانشکده دندان‌پزشکی ارومیه,"Dental school, Urmia University of Medical Sciences",دانشکده دندان‌پزشکی ارومیه,T: Pub; F: Pub; AT: Pub,Education & research,Provincial,https://dent.umsu.ac.ir/,ارومیه ، بلوار رسالت ، کوی اورژانس تلفن 32234897 کد 044 کدپستی 5714783734,"Azarbayejan, West",No,2010,دانشکده دندانپزشکی دانشگاه علوم پزشکی ارومیه، نقش کلیدی در ارتقاء سلامت دهان و دندان، از طریق آموزش، پژوهش، نوآوری و ارایه خدمات جامع دندانپزشکی، ایفا مینماید و از طریق توسعه  پایه های دانشی سلامت دهان و دندان جایگاه علمی دانشکده را در سطح ملی و منطقه ارتقاء می دهد. توسعه آموزش مجازی باکیفیت واهداف تضمین شده در کنار سایر روشهای آموزش یکی از محورهای اصلی رسالت آموزشی این دانشکده می باشد.  همچنین تربیت دندانپزشکان شایسته که داراي مباني قوي علمي، مهارتهاي مناسب درماني، آموزشی و پژوهشی بوده و قادر به ارائه خدمات كيفي مناسب درماني و پيشگيري در نظام ارائه خدمات بهداشتي درماني باشند هدف محوری دانشکده دندانپزشکی ارومیه بوده و این مجموعه در راستای نیل به تمامی  اهداف متعالی خودتمام توان خودرا بکار خواهد گرفت.,Low
دانشکده دندان‌پزشکی اصفهان,"Dental school, Isfahan university of medical sciences",دانشکده دندان‌پزشکی اصفهان,T: Pub; F: Pub; AT: Pub,Education & research,Regional,https://dnt.mui.ac.ir/,,Isfahan,No,1974,,Low
دانشکده دندان‌پزشکی البرز,"Dental school, Alborz university of medical sciences",دانشکده دندان‌پزشکی البرز,T: Pub; F: Pub; AT: Pub,Education & research,Regional,https://dentistry.abzums.ac.ir/fa-IR/dentistry.abzums.ac/5228/page/%D8%B5%D9%81%D8%AD%D9%87-%D8%A7%D8%B5%D9%84%DB%8C,کرج-45 متری گلشهر خیابان شهید کتوئی زاده,Alborz,No,2013,,Low
دانشکده دندان‌پزشکی ایلام,"Dental school, Ilam  university of medical sciences",دانشکده دندان‌پزشکی ایلام,T: Pub; F: Pub; AT: Pub,Education & research,Provincial,http://dentistry.medilam.ac.ir/,ایلام، بانگجناب، انتهای بلوار پژوهش، دانشکده دندانپزشکی(ساختمان قدیم پارسیان),Ilam,No,2012,,Low
دانشکده دندان‌پزشکی بابل,"Dental school, Babol university of medical sciences",دانشکده دندان‌پزشکی بابل,T: Pub; F: Pub; AT: Pub,Education & research,,https://dentistry.mubabol.ac.ir/,مازندران/بابل_میدان فلسطین دانشکده دندانپزشکی بابل (دانشگاه علوم پزشکی و خدمات بهداشتی درمان بابل 47176-43633,Mazandaran,No,1993,,Low
دانشکده دندان‌پزشکی بندرعباس,"Dental school, Hormozgan university of medical sciences",دانشکده دندان‌پزشکی هرمزگان,T: Pub; F: Pub; AT: Pub,Education & research,Provincial,https://denf.hums.ac.ir/,بندرعباس- بلوار شهید ناصر-دانشکده دندانپزشکی- جنب بیمارستان شریعتی 7914964153,Hormozgan,No,2008,"با هدف عالی ارتقا سطح سلامت دهان و دندان و نهادینه کردن علم و توسعه علم دندانپزشکی در استان هرمزگان و در راستای توسعه اجتماعی منطقه مجوز تاسیس دانشکده دندانپزشکی بندرعباس در سال 1386 صادر گردید و به منظور تامین نیروی انسانی ماهر و بومی از مهرماه سال 1387 پذیرش دانشجو در مقطع دکترای عمومی با اولویت پذیرش دانشجویان بومی استان شروع شد.
در صورتی که بررسی های پیش بینی شده در این سند نشان دهنده نیاز منطقه به سایر تخصص های مرتبط با دندانپزشکی باشد، این دانشکده خود را ملزم به برگزاری دوره های فوق می داند. این دانشکده در راستای نهادینه کردن علم و توسعه علم دندانپزشکی و آموزش جوانان علاقمند کشور، در چهارچوب آموزشی مبتنی بر نیازهای استان آمادگی پذیرش دانشجویان آزاد در مقاطع مصوب را نیز دارد.
برای نیل به اهداف فوق این دانشکده در نظر دارد تا در کوتاه ترین زمان نیروی متخصص دندانپزشکی مورد نیاز مراکز بهداشت استان را تامین نماید و در این راستا با توجه به شرایط محلی، خود را پایبند پذیرش دانشجویان بومی می داند به نحوی که حداقل های بهداشت دهان و دندان استان تا سال 1400 تامین شده و در افق 1404 دانشکده دندانپزشکی بندرعباس پس از تامین کمی نیروی انسانی ماهر در سطح کلیه شهرستان ها و بخش های استان در راستای گسترش علم دندانپزشکی و پذیرش دوره های تخصصی، دوره های کارشناسی وابسته به دندانپزشکی و دوره های پژوهشی گام بردارد. این دانشکده خود را متعهد به رعایت حقوق انسانی و شئونات و اخلاق اسلامی دانسته و رضایتمندی و خرسندی آحاد انسانی اعم از مراجعین درمانگاه و حتی عوام، اساتید، دانشجویان و فارغ التحصیلان را از الزامات سیاست های خود می داند.",Low
دانشکده دندان‌پزشکی بوشهر,"Dental school, Bushehr university of medical sciences",دانشکده دندان‌پزشکی بوشهر,T: Pub; F: Pub; AT: Pub,Education & research,,https://dnt.bpums.ac.ir/,بوشهر ، خيابان معلم ، روبروي جايگاه نماز جمعه ، دانشگاه علوم پزشكي و خدمات بهداشتي درماني بوشهر - دانشكده دندانپزشكي,Bushehr,No,2011,"هدف استراتژیک۱ ): تربيت دندانپزشكان عمومي شايسته اي است كه داراي مباني قوي علمي، مهارتهاي مناسب درماني، توانايي آموزش بهداشت و پيشگيري از بيماريهاي دهان و دندان

استراتژی۱): ارتقاء کیفیت و توسعه آموزش با بکارگیری شیوه های نوین آموزش و تدریس

استراتژی۲): تقویت همکاری با سایر رشته های حیطه علوم پزشکی

استراتژی۳):  تربیت دانشجویان نخبه و مدیریت آن

 

هدف استراتژیک ۲): ایجاد توانمندی لازم براي انجام پژوهش هاي حين و پس از تحصيل

استراتژی۱): ارتقاء کیفیت و توسعه پژوهش(داخلی و بین المللی)

استراتژی۲): توسعه کاربری آمار و اپیدمیولوژی در علوم دندانپزشکی

استراتژی 3): توسعه تحقیقات در زمینه کاربری شیوه های آموزش پزشکی در علوم دندانپزشکی

 

هدف استراتژیک۳): توسعه قابلیت های بین المللی

استراتژی ۱): آموزشی و پژوهشی در حوزه داخلی و بین المللی

 

هدف استراتژیک۴): ارائه ی خدمات كيفي مناسب درماني و پيشگيري در نظام ارائه ی خدمات بهداشتي درماني كشوری

استراتژی ۱): توسعه و ارتقا خدمات درمانی",Low
دانشکده دندان‌پزشکی بیرجند,"Dental school, Birjand university of medical sciences",دانشکده دندان‌پزشکی بیرجند,T: Pub; F: Pub; AT: Pub,Education & research,,https://dnt.bums.ac.ir/,خیابان پاسداران -نبش پاسداران ۳ -دانشکده دندانپزشکی,"Khorasan, South",No,2011,"با توجھ بھ حفظ منزلت و كرامت انساني
و ارزشھاي والاي اسلامي و شرایط خاص
جغرافیایي، فرھنگي، سیاسي و اقتصادي و
محرومیت منطقھ تلاش نمائیم با استفاده
از امكانات و منابع درون و برون
سازماني وارائھ راھكارھاي مناسب در
جھت تأمین و افزایش كلیھ منابع در جھت
ارتقاي كمي و كیفي اعضاء ھیئت علمي،
دانشجویان و كاركنان دانشگاه با
استفاده از نیروھاي متخصص و كارآمد در
بخشھاي سلامت و آموزش عالی جھت ارائھ
خدمات مربوطھ بھ صاحبان منافع در
منطقھ شرق كشور گام برداشتھ و در
زمینھ خدمات آموزشي و پژوھشي، فرھنگی،
بھداشتی و درماني در حد استانداردھاي
اعلام شده با استفاده از فن آوري
اطلاعات و روشھاي نوین آموزش پزشکی،
نانوتکنولوژی، بیوتکنولوژی براي عرضھ
اطلاعات علوم پزشكي در شرق كشور بوده و
در زمینھ تحقیقات گیاھان داروئي، نظام
سلامت، طب سنتی و پزشکی خانواده نیز
فعالیت نموده و در زمینھ بھداشت و
درمان تلاش نمائیم تا كلیھ شاخصھاي
بھداشتي درماني را بھبود بخشیده و
تبدیل بھ قطب آموزشي، فرھنگی، پژوھشی،
درماني و بھداشتي در منطقھ شرق کشور
)خراسان جنوبی( شده و نھایتاً بر اساس
شاخصھا و استانداردھاي موجود دانشگاه
برتر شرق كشور باشیم.",Low
دانشکده دندان‌پزشکی تبریز,"Dental school, Tabriz university of medical sciences",دانشکده دندان‌پزشکی تبریز,T: Pub; F: Pub; AT: Pub,Education & research,,https://dentistryfac.tbzmed.ac.ir/,,"Azarbayejan, East",No,1987,"دانشکده دندانپزشکی تبریز بعنوان اولین دانشکده منطقه شمالغرب و زیر مجموعه ای از یک دانشگاه مادر،با برخورداری از نیروی انسانی متخصص،متعهدوجوان ، امکانات فیزیکی مطلوب و بهره متدی از آموزه های دینی تربیت نیروی انسانی کارآمد ،ارتقائ سلامت دهان و دندان و کیفیت زندگی آحاد جامعه را رسالت اصلی خود دانسته و برای نیل به این امر موارد زیر را سرلوحه عملکرد خود قرار داده است :

 

-1تربیت دندانپزشکان متعهد و کارآمد در رده های عمومی،تخصصی و فلوشیب

 

 

-2مشارکت در بروز رسانی دانش و مهارتهای حرفه ای دانش آموختگان شاغل در استان

 

 

-3مشارکت در ارتقا سطح سلامت و دانش عمومی دهان و دندان جامعه

 

 

-4بستر سازی و توسعه پژوهشهای بنیادی و کاربردی

 

 

-5مشارکت در ارائه خدمات دندانپزشکی عملی،تشخیصی و بیمارستانی

 

 

-6 مشارکت با مراکز سیاست گزار و موثر در امر سلامت دهان و دندان

 

-7مشارکت در تولید دانش

 

 

-8تداوم انتشار و بهبود کیفی اولین مجله pubmed دانشکده

 

 

-9ارتقائ کیفی آموزش دوره های عمومی ،تخصصی با محوریت EDO دانشکده

 

ارزشها (Values ):

 

-ما پایبد به منشور اخلاق حرفه ای دانشکده هستیم .

 

-ما متعهد هستیم پاسخگویی در کلیه حیطه ها را سرلوحه کارخود قرار دهیم .

 

-ما متعهد به انجام کار گروهی هستیم .

 ",Low
دانشکده دندان‌پزشکی تهران,"Dental school, Tehran university of medical sciences",دانشکده دندان‌پزشکی تهران,T: Pub; F: Pub; AT: Pub,Education & research,Regional,http://dentistry.tums.ac.ir/,انتهای خیابان کارگر شمالی، جنب سازمان انرژی اتمی، نرسیده به خروجی بزرگراه حکیم شرق، دانشکده دندانپزشکی دانشگاه علوم پزشکی تهران ۱۴۳۹۹۵۵۹۹۱,Tehran,No,1943,"هدف استراتژیک۱ ): پیشرو بودن در تربیت دانش آموختگان با بالاترین توانمندی های علمی و عملی



استراتژی۱): ارتقاء کیفیت و توسعه آموزش



استراتژی۲): تقویت مشارکت و همکاری در جوامع داخلی و خارجی



استراتژی۳): جذب و تربیت دانشجویان نخبه و مدیریت آن



 

هدف استراتژیک ۲): رهبری در پژوهش



استراتژی۱): ارتقاء کیفیت و توسعه پژوهش(داخلی و بین المللی)



استراتژی۲): توسعه کاربری آمار و اپیدمیولوژی در علوم دندانپزشکی



 

هدف استراتژیک۳): توسعه قابلیت های بین المللی



استراتژی ۱): آموزشی و پژوهشی در حوزه داخلی و بین المللی



 

هدف استراتژیک۴): ارائه خدمات درمانی با کیفیت، با تکنولوژی روز و مطابق با استانداردهای جهانی



استراتژی ۱): توسعه و ارتقا خدمات درمانی

 



هدف استراتژیک ۵):  تجاری سازی دانش



استراتژی ۱): ارتقاء بهره وری و تبدیل ظرفیتهای بالقوه به بالفعل



 

استراتژیک های مشترک، پشتیبانی و توسعه مدیریت منابع در تمامی اهداف



استراتژی ۱): تامین منابع مالی وخلق منابع جدید مبتنی بر دانش



استراتژی ۲): تدوین نظام‌های نوین مدیریتی



استراتژی ۳): توسعه سرمایه های انسانی

 

استراتژی ۴): توسعه سرمایه های سازمانی

 ",Low
دانشکده دندان‌پزشکی جندی شاپور اهواز,"Dental school, Ahvaz Jondishapur University of Medical Sciences",دانشکده دندان‌پزشکی جندی شاپور اهواز,T: Pub; F: Pub; AT: Pub,Education & research,Regional,https://fdentistry.ajums.ac.ir/fa-IR/fdentistry.ajums.ac/4946/page/%D8%B5%D9%81%D8%AD%D9%87-%D8%A7%D8%B5%D9%84%DB%8C,اهوازـ جاده گلستان ـ شهر دانشگاهی ـ دانشکده دندانپزشکی 6135715775,Khuzestan,No,1996,هدف از اجراي برنامه دوره دكتراي عمومي دندانپزشكي تربيت دندانپزشكان عمومي شايسته اي است كه داراي مباني قوي علمي، مهارتهاي مناسب درماني، توانايي آموزش بهداشت و پيشگيري از بيماريهاي دهان و دندان و كارايي لازم براي انجام پژوهشهاي حين و پس از تحصيل بوده و قادر به ارائه خدمات كيفي مناسب درماني و پيشگيري در سطوح مختلف نظام ارائه خدمات بهداشتي درماني كشور جمهوري اسلامي ايران باشند.,Low
دانشکده دندان‌پزشکی خراسان شمالی,"Bojnurd Dental school, North-Khorasan university of medical sciences",دانشکده دندان‌پزشکی خراسان شمالی,T: Pub; F: Pub; AT: Pub,Education & research,Provincial,https://dentisty.nkums.ac.ir/,بجنورد-خیابان شهریار،ضلع جنوبی بیمارستان امام علی (ع)؛دانشکده دندانپزشکی 9417694735,"Khorasan, North",No,2013,"1- تربیت نیروی انسانی در جهت تأمین، حفظ و ارتقاء سلامت جسمی، روحی-روانی، اجتماعی و معنوی جمعیت تحت پوشش دانشکده
 
2- تأمین عدالت در ارائه و توزیع خدمات آموزشی، پژوهشی
 
3- دستیابی به بالاترین رضایتمندی مشتریان
  
4- بستر سازی تلفیق آموزه‌های دینی در آموزش و پژوهش
 
5- دستیابی به یکی از قطب‌های علمی افزایش سهم دانشکده در تولید عالم و محقق در حوزه علوم پزشکی
 
6- حضور در عرصه بین‌المللی ارائه خدمات آموزشی، پژوهشی
 
7- تأثیرگذاری بر مدیریت و سیاست‌گذاری‌های کلان نظام آموزشی کشور

8- تأمین و توسعه منابع جهت بکارگیری موثر در نظام آموزش",Low
دانشکده دندان‌پزشکی رفسنجان,"Dental school, Rafsanjan university of medical sciences",دانشکده دندان‌پزشکی رفسنجان,T: Pub; F: Pub; AT: Pub,Education & research,Local,http://dentistry.rums.ac.ir/,بلوار شهيد مفتح غربی جنب بيمارستان علی بن ابيطالب(ع) 7717931136,Kerman,No,1992,-,Low
دانشکده دندان‌پزشکی زاهدان,"Dental school, Zahedan university of medical sciences",دانشکده دندان‌پزشکی زاهدان,T: Pub; F: Pub; AT: Pub,Education & research,Provincial,http://dent.zaums.ac.ir/,زاهدان- خیابان آزادگان شرقی - دانشکده دندانپزشکی 9817699693,Sistan and Baluchistan,No,1994,-,Low
دانشکده دندان‌پزشکی زنجان,"Dental school, Zanjan university of medical sciences",دانشکده دندان‌پزشکی زنجان,T: Pub; F: Pub; AT: Pub,Education & research,Provincial,https://dentist.zums.ac.ir/,زنجان - بلوار دکتر ثبوتی - بالاتر از بیمارستان آیت اله موسوی - پردیس مرکزی دانشگاه علوم پزشکی زنجان - دانشکده دندانپزشکی,Zanjan,No,2010,"تلاش جهت سرآمدی در آموزش، پژوهش، نوآوری، مدیریت و ارائه خدمات سلامت دهان و دندان در عرصه های ملی و منطقه ای- دانشکده دندانپزشکی دانشگاه علوم پزشکی زنجان از طریق تامین و تربیت سرمایه انسانی متعهد و متخصص، ارائه خدمات تشخیصی، پیشگیری و درمانی دهان و دندان و انجام پژوهش ها و نیز مدیریت دانش مورد نیاز در عرصه های سلامت دهان و با هدف های کلان ارتقای سلامت دهان و دندان جامعه تحت پوشش، توسعه و ارتقای کیفیت سرمایه انسانی، ارتقای دانش و دانایی محوری، در سطوح ملی و منطقه ای فعالیت می کند.
",Low
دانشکده دندان‌پزشکی سمنان,"Dental school, Semnan university of medical sciences",دانشکده دندان‌پزشکی سمنان,T: Pub; F: Pub; AT: Pub,Education & research,Provincial,https://dentistry.semums.ac.ir/,سمنان - بلوار 17 شهريور - دانشكده دندانپزشكي 94431-35187,Semnan,No,2011,-,Low
دانشکده دندان‌پزشکی شاهد,"Dental school, Shahed university of medical sciences",دانشکده دندان‌پزشکی شاهد,T: Pub; F: Pub; AT: Pub,Education & research,Local,http://shahed.ac.ir/DandanPezeshki/SitePages/Home.aspx,,Tehran,No,1991,-,Low
دانشکده دندان‌پزشکی شهرکرد,"Dental school, Shahrekord university of medical sciences",دانشکده دندان‌پزشکی شهرکرد,T: Pub; F: Pub; AT: Pub,Education & research,Provincial,http://skums.ac.ir/Index.aspx?tempname=dental&lang=1&sub=57,شهرکرد - کیلومتر ۶ جاده شهرکرد به چالش تر,Chaharmahal and Bakhtiari,No,2010,-,Low
دانشکده دندان‌پزشکی شهید بهشتی,"Dental school, Shahid Beheshti university of medical sciences",دانشکده دندان‌پزشکی شهید بهشتی,T: Pub; F: Pub; AT: Pub,Education & research,Regional,https://dentistry.sbmu.ac.ir/,تهران - بزرگراه شهید چمران اوین بلوار دانشجو -دانشکده دندانپزشکی شهید بهشتی 1983969411,Tehran,No,1965,-,Low
دانشکده دندان‌پزشکی شیراز,"Dental school, Shiraz university of medical sciences",دانشکده دندان‌پزشکی شیراز,T: Pub; F: Pub; AT: Pub,Education & research,Regional,https://dental.sums.ac.ir/,شیراز، خیابان قصردشت ، نبش خیابان مهر ، دانشکده دندانپزشکی شیراز ۱۵۸۷۸- ۷۱۹۵۶,Fars,No,1969,-,Low
دانشکده دندان‌پزشکی قزوین,"Dental school, Qazvin university of medical sciences",دانشکده دندان‌پزشکی قزوین,T: Pub; F: Pub; AT: Pub,Education & research,Provincial,http://sd.qums.ac.ir/Portal/Home/,خیابان دانشگاه بالای کانال,Qazvin,No,1991,"دانشکده دندانپزشکی قزوین و گروههای مختلف آموزشی با کمک نیروهای انسانی متعهد و دلسوز خود، در جهت ارتقاء
سلامت دهان و دندان جامعه، ماموریت های زیر را برعهده دارد:
- آموزش دانشجویان دندانپزشکی بر اساس کوریکولوم مصوب کشوری و منابع علمی روز
- تربیت دانش آموختگانی عالم، توانمند، کارآمدپاسخگوی نیازهای سلامت دهان افراد جامعه، متعهد به اخلاق
حرفه ای اجتماعی، متناسب با فرهنگ اسلامی- ایرانی، تلاشگر در زمینه تولید علوم مفید و نقش آفرین در
نظام سلامت به منظور تامین و حفظ و ارتقاء سلامت آحاد جامعه
- ایجاد بستری جهت انجام پژوهشهای مرتبط با سلامتی دهان و دندان جامعه
- ارائه خدمات سطح اول در راستای ارتقاء سلامت دهان و دندان
- سعی در ایجاد و ارتقاء نگرش جامعه نگر در دانشجویان دندانپزشکی
- حفظ ارتقاء سلامت دهان و دندان در جامعه شهری و روستایی",Low
دانشکده دندان‌پزشکی قم,"Dental school, Qom university of medical sciences",دانشکده دندان‌پزشکی قم,T: Pub; F: Pub; AT: Pub,Education & research,Provincial,https://dens.muq.ac.ir/,قم - خیابان شهید لواسانی - جنب دادگستری - دانشکده دندانپزشکی 37136 - 39367,Qom,No,,,Low
دانشکده دندانپزشکی کاشان,"Dental school, Kashan university of medical sciences",دانشکده دندانپزشکی کاشان,T: Pub; F: Pub; AT: Pub,Education & research,Local,http://dnt.kaums.ac.ir/,کاشان - کیلومتر 3 جاده راوند - بلوار پزشک - کد پستی: 8715981151,Isfahan,No,2013,,Low
دانشکده دندان‌پزشکی سنندج,"Dental school, Kordestan university of medical sciences",دانشکده دندان‌پزشکی ,T: Pub; F: Pub; AT: Pub,Education & research,Provincial,https://muk.ac.ir/Page?pageId=4448,,Kurdistan,No,2011,,Low
دانشکده دندان‌پزشکی کرمان,"Dental school, Kerman university of medical sciences",دانشکده دندان‌پزشکی کرمان,T: Pub; F: Pub; AT: Pub,Education & research,Regional,http://sd.kmu.ac.ir/fa,کرمان – بلوار جمهوری اسلامی - انتهای خیابان شفا 7618759689,Kerman,No,1987,,Low
دانشکده دندان‌پزشکی کرمانشاه,"Dental school, Kermanshah university of medical sciences",دانشکده دندان‌پزشکی کرمانشاه,T: Pub; F: Pub; AT: Pub,Education & research,Provincial,https://dentistry-school.kums.ac.ir/,,Kermanshah,No,2008,,Low
دانشکده دندان‌پزشکی گرگان,"Dental school, Golestan university of medical sciences",دانشکده دندان‌پزشکی گرگان,T: Pub; F: Pub; AT: Pub,Education & research,Provincial,http://goums.ac.ir/index.php?slc_lang=fa&sid=59,رگان،کمربندی،شهرک شهریار،شهریار۵ جنب پارک دانشکده دندانپزشکی گرگان,Golestan,No,2010,,Low
دانشکده دندان‌پزشکی گیلان,"Dental school, Gilan university of medical sciences",دانشکده دندان‌پزشکی گیلان,T: Pub; F: Pub; AT: Pub,Education & research,Provincial,https://www.gums.ac.ir/dental,مجتمع دانشگاهی علوم پزشکی گیلان در کمربندی سراوان,Guilan,No,1996,,Low
دانشکده دندان‌پزشکی لرستان,"Dental school, Lorestan university of medical sciences",دانشکده دندان‌پزشکی لرستان,T: Pub; F: Pub; AT: Pub,Education & research,Provincial,http://dent.lums.ac.ir/,استان لرستان شهرستان خرم آباد – انتهاي خيابان رازي – دانشكده دندانپزشكي 6814989468,Lorestan,No,2012,,Low
دانشکده دندان‌پزشکی مازندران,"Dental school, Mazandaran university of medical sciences",دانشکده دندان‌پزشکی مازندران,T: Pub; F: Pub; AT: Pub,Education & research,Regional,https://dentistry.mazums.ac.ir/,ساری - بلوار خزر - جنب مجتمع پزشکی طوبی - دانشکده دندانپزشکی ساری,Mazandaran,No,2010,این دانشگاه در جهت دستیابی به اهداف سازمانی خود که شامل ارتقاء کمی و کیفی خدمات بهداشتی درمانی،تربیت نیروی انساني متخصص و متعهد پزشکي و پيراپزشکي، توليد علم و توسعه پژوهشهاي بنيادي و کاربردي در حوزه سلامت، ارتقاء ايمني غذا، دارو و محصولات بيولوژيک و تحکيم فرهنگ اسلامي و ملي در دانشگاه است، با مديريت صحيح منابع ، توانمندسازي نيروي انساني، بهره گيري از فن اوري اطلاعات، بکارگيري شيوه هاي نوين آموزشي و پژوهشي، پايش و نظارت استاندارد بر کليه سطوح و نيز توسعه ي مشارکت بين بخشي اقدام نمايد.,Low
دانشکده دندان‌پزشکی مشهد,"Dental school, Mashhad university of medical sciences",دانشکده دندان‌پزشکی مشهد,T: Pub; F: Pub; AT: Pub,Education & research,Regional,https://dentistry.mums.ac.ir/,مشهد - ابتدای بلوار وکیل آباد، مقابل پارک ملت - دانشکده دندانپزشکی 9177948959,"Khorasan, Razavi",No,1965,,Low
دانشکده دندان‌پزشکی همدان,"Dental school, Hamedan university of medical sciences",دانشکده دندان‌پزشکی همدان,T: Pub; F: Pub; AT: Pub,Education & research,Provincial,http://dentistry.umsha.ac.ir/,همدان - خیابان شهید فهمیده - روبروی پارک مردم - دانشکده دندانپزشکی 654178-38741,Hamadan,No,1991,,Low
دانشکده دندان‌پزشکی یاسوج,"Dental school, Yasuj niversity of medical sciences",دانشکده دندان‌پزشکی یاسوج,T: Pub; F: Pub; AT: Pub,Education & research,Provincial,https://dentistry.yums.ac.ir/,یاسوج- بلوار شهید دکتر جلیل - سایت دانشگاهی - جنب بیمارستان امام سجاد (ع)- دانشکده دندانپزشکی,Kohgiluyeh and Boyerahmad,No,2012,,Low
دانشکده دندان‌پزشکی یزد,"Dental school, Yazd university of medical sciences",دانشکده دندان‌پزشکی یزد,T: Pub; F: Pub; AT: Pub,Education & research,Provincial,https://web.ssu.ac.ir/fa/202,یزد، انتهای خیابان امام (ره)، ابتداي بلوار امام رضا(ع)، دانشکده دندانپزشکي ۸۹۱۴۸۱۵۶۶۷,Yazd,No,,,Low
دانشکده دندان‌پزشکی آزاد تهران,Islamic Azad University Tehran Dental branch,دانشکده دندان‌پزشکی آزاد تهران,T: Pub; F: Pub; AT: Pub,Education & research,Local,http://dental.iautmu.ac.ir/fa,خیابان پاسداران ، نیستان نهم، پلاک ۹ 1946853314,Tehran,No,1986,-,Low
دانشکده دندان‌پزشکی آزاد بروجرد,Islamic Azad University Borujerd Dental branch,دانشکده دندان‌پزشکی آزاد بروجرد,T: Pub; F: Pub; AT: Pub,Education & research,Provincial,http://www.iaub.ac.ir/Persian/ClgDentist.aspx,,Lorestan,No,,,Low
دانشکده دندان‌پزشکی آزاد خوراسگان,Islamic Azad University Isfahan Dental branch,دانشکده دندان‌پزشکی آزاد خوراسگان,T: Pub; F: Pub; AT: Pub,Education & research,Local,http://dental.khuisf.ac.ir/,اصفهان- خیابان جی شرقی- ارغوانیه- بلوار دانشگاه- دانشگاه آزاد اسلامی واحد اصفهان (خوراسگان),Isfahan,No,,,Low
دانشکده دندان‌پزشکی آزاد تبریز,Islamic Azad University Tabriz Dental branch,دانشکده دندان‌پزشکی آزاد تبریز,T: Pub; F: Pub; AT: Pub,Education & research,Local,http://iaut.ac.ir/Public/schools/tschool.aspx?NameEn=dental%20College,تبریز- ضلع شرقی اتوبان پاسداران- مجتمع دانشگاه آزاد اسلامی واحد تبریز- کدپستی 5157944533,"Azarbayejan, East",No,2015,,Low
دانشکده دندان‌پزشکی آزاد شیراز,Islamic Azad University Shiraz Dental branch,دانشکده دندان‌پزشکی آزاد شیراز,T: Pub; F: Pub; AT: Pub,Education & research,Local,http://dentistry.iaushiraz.ac.ir/fa/index.html,شیراز - قاآنی جنوبی - کوچه 14-  دانشکده دندانپزشکی,Fars,No,2010,,Low
دندانه,Dandane,پایگاه خبری الکترونیک دندانه,T: Prv; F: Prv; AT: Prv,News agency,National,https://dandane.ir/,,Tehran,No,2013,"پایگاه خبری الکترونیک دندانه یک رسانه تخصصی در حوزه دندان‌پزشکی است.

دندانه در سال ۹۲ در قالب یک مجله اینترنتی دندان‌پزشکی پایه‌گذاری شد. محتوای دندانه شامل مجموعه‌ متنوعی از مطالب علمی، خبری، فرهنگی و هنری است که نقطه مشترک آنها بحث دهان و دندان و دندان‌پزشکی است. دندانه در حال حاضر پویاترین و پر مخاطب‌ترین رسانه دندان‌پزشکی در فضای مجازی و شبکه‌های اجتماعی است.

دندانه در سال ۹۵ موفق به اخذ مجوز پایگاه خبری الکترونیک از وزارت فرهنگ و ارشاد اسلامی شد.

رویکرد اصلی دندانه، پوشش اخبار و مطالب مرتبط با حوزه دندان‌پزشکی و دندان‌پزشکان است. در عین حال سعی دارد با گردآوری مجموعه‌ای از اطلاعات و مطالب دندان‌پزشکی ساده و در عین حال صحیح مخاطبان عام در راستای افزایش فرهنگ سلامت دهان گام بردارد.

دندانه در حال حاضر یک مجموعه رسانه‌ای شامل موارد زیر است:
– دندانه؛ پایگاه خبری الکترونیک
– نگین دندان پزشکی؛ ماهنامه خبری صنفی دندان‌پزشکی
– نگین آنلاین؛ سامانه ثبت‌نام الکترونیک کنگره‌های دندان‌پزشکی
– نشر دندانه؛ ناشر و فروشگاه الکترونیکی کتاب‌ها و مجلات دندان‌پزشکی
– طرح لبخند؛ ماهنامه تخصصی دندان‌پزشکی برای مردم
– دندانه؛ کانال خبری تلگرام ویژه دندان‌پزشکان

مدیرمسئول و صاحب امتیاز مجموعه رسانه‌ای دندانه بر عهده دکتر سیامک شایان امین، دندان‌پزشک و فعال رسانه است.",Low
مرکز تحقیقات سلامت و بهداشت دهان,Oral health research center Babol university of medical sciences,دانشگاه ع پ بابل,T: Pub; F: Pub; AT: Pub,research,Local,http://ohrc.hri.mubabol.ac.ir/,,Mazandaran,Yes,2015,این مرکز در تاریخ 1394/2/19 با هدف توسعه و بکارگیری دانش بشری در زمینه علم سلامت و بهداشت دهان و انجام پژوهشهای اپیدمیولوژیک و بالینی در جهت ارتقاء  نظام ارائه خدمات بهداشتی درمانی کشور به منظور جوابگویی به نیاز های جامعه تاسیس گردید و در تاریخ 1395/2/26 موفق به کسب موافقت اصولی از وزارت بهداشت، درمان و آموزش پزشکی گردید.,Low
مرکز تحقیقات بیماریهای غیرواگیر/ هسته بهداشت دهان و دندان,,دانشگاه ع پ ایلام,T: Pub; F: Pub; AT: Pub,research,Provincial,http://ncdrc.medilam.ac.ir/%D9%87%D8%B3%D8%AA%D9%87-%D9%87%D8%A7%DB%8C-%D9%BE%DA%98%D9%88%D9%87%D8%B4%DB%8C/%D9%87%D8%B3%D8%AA%D9%87-%D8%A8%D9%87%D8%AF%D8%A7%D8%B4%D8%AA-%D8%AF%D9%87%D8%A7%D9%86-%D9%88-%D8%AF%D9%86%D8%AF%D8%A7%D9%86,ایلام ،بلوار مدرس، خیابان شهید شهسوار سلیمانی ،جنب مرکز دیالیز، مرکز تحقیقات بیماریهای غیرواگیر,Ilam,Yes,,"توسعه و بکارگیری دانش بشری در زمینه ی علم بیماری های غیر واگیر
انجام پژوهش های بنیادی اپیدمیولوژی و بالینی در جهت اصلاح نظام ارائه خدمات بهداشتی و درمانی کشور به منظور جوابگویی به نیازهای جامعه ی اسلامی
جمع آوری، تنظیم و طبقه بندی اسناد، مقالات و مدارک مربوطه و انتشار آنها
تربیت نیروی انسانی محقق در زمینه بیماری های غیر واگیر
ترغیب، تشویق و بکارگیری محققین
کوشش در جلب توجه و همکاری مراکز تحقیقاتی و اجرایی کشور
همکاری علمی با مراکز تحقیقاتی و /اموزشی سایر کشورها و سازمان های بین المللی با رعایت قوانین و مقرارات کشور 
",Low
معاونت امور توانبخشی بهزیستی,"Rehabilitation centers for oral disorders, swallowing and nutrition",اداره بهزیستی,T: Pub; F: Pub; AT: Pub,مراکز توانبخشی اختلالات دهانی، بلع و تغذیه,National,https://www.behzisti.ir/news/23951/%D8%AF%D8%B3%D8%AA%D9%88%D8%B1%D8%A7%D9%84%D8%B9%D9%85%D9%84-%D9%87%D8%A7%DB%8C-%D8%B4%D8%B1%D8%A7%DB%8C%D8%B7-%D9%88-%D8%B6%D9%88%D8%A7%D8%A8%D8%B7-%D9%85%D8%B1%D8%A7%DA%A9%D8%B2-%D8%B1%D9%88%D8%B2%D8%A7%D9%86%D9%87-%D8%AA%D9%88%D8%A7%D9%86%D8%A8%D8%AE%D8%B4%DB%8C,آدرس: تهران، میدان امام خمینی(ره)، خیابان فیاض‌بخش، شماره ۱۱۲۱، سازمان بهزیستی کشور,Tehran,No,,"اقدامات پزشكي، دندانپزشكي و بهداشتي
• ارائه خدمات تخصصي توانبخشي )گفتاردرماني، كاردرماني و فيزيوتراپي ( مورد نياز هر فرد در راستاي درمان
اختلالات مورد نظر
• مشاوره تغذيه
• آموزش خانواده و مراقبين",Low
معاونت بهداشتی دانشگاه علوم پزشکی آبادان,"Health deputy, Abadan university of medical science",دانشگاه ع پ آبادان,T: Pub; F: Pub; AT: Pub,Education & research,Local,https://mb.abadanums.ac.ir/portal/home/,آدرس:دانشگاه علوم پزشکی آبادان-کوی ذوالفقاری ابتدای 30 متری ساختمان دانشگاه علوم پزشکی آبادان,Khuzestan,No,,,Medium
معاونت بهداشتی دانشگاه علوم پزشکی اراک,"Health deputy, Arak university of medical science",دانشگاه ع پ اراک,T: Pub; F: Pub; AT: Pub,Education & research,Provincial,https://arakmu.ac.ir/vch/fa,ادرس: اراک - شهرک مصطفی خمینی - کوی گلستان ساختمان شماره ۲ دانشگاه علوم پزشکی,Markazi,No,,,Medium
معاونت بهداشتی دانشگاه علوم پزشکی اردبیل,"Health deputy, Ardabil university of medical science",دانشگاه ع پ اردبیل,T: Pub; F: Pub; AT: Pub,Education & research,Provincial,https://vchealth.arums.ac.ir/fa,ادرس: اردبیل: انتهای خیابان دانشگاه، مجتمع اداری دانشگاه علوم پزشکی اردبیل,Ardabil,No,,,Medium
معاونت بهداشتی دانشگاه علوم پزشکی ارومیه,"Health deputy, Urmia university of medical science",دانشگاه ع پ ارومیه,T: Pub; F: Pub; AT: Pub,Education & research,Provincial,https://phc.umsu.ac.ir/,آدرس : ارومیه ، بلوار رسالت ، کوی اورژانس,Western azarbaijan,No,,,Medium
معاونت بهداشتی دانشگاه علوم پزشکی اسفراین,"Health deputy, Esfarayen university of medical science",دانشگاه ع پ سفراین,T: Pub; F: Pub; AT: Pub,Education & research,Provincial,https://www.esfrums.ac.ir/index.aspx?siteid=3&pro=adduser&siteid=3&pro=adduser,ادرس: اسفراین، خیابان طالقانی، ساختمان مرکزی، دانشگاه علوم پزشکی اسفراین,North Khorasan,No,,,Medium
معاونت بهداشتی دانشگاه علوم پزشکی اصفهان ,"Health deputy, Esfahan university of medical science",دانشگاه ع پ اصفهان,T: Pub; F: Pub; AT: Pub,Education & research,Provincial,https://phc.mui.ac.ir/fa/%D8%AF%D8%A7%D9%86%D8%B4%DA%AF%D8%A7%D9%87-%D8%B9%D9%84%D9%88%D9%85-%D9%BE%D8%B2%D8%B4%DA%A9%DB%8C-%D8%A7%D8%B5%D9%81%D9%87%D8%A7%D9%86,آدرس: اصفهان ، خیابان ابن سینا ، جنب بیمارستان امین ، حوزه معاونت بهداشتی,Esfahan,No,,,Medium
معاونت بهداشتی دانشگاه علوم پزشکی البرز,"Health deputy, Alborz university of medical science",دانشگاه ع پ البرز,T: Pub; F: Pub; AT: Pub,Education & research,Provincial,https://health.abzums.ac.ir/fa-IR/health.abzums.ac/6972/page/%D8%B5%D9%81%D8%AD%D9%87-%D8%A7%D8%B5%D9%84%DB%8C-,آآدرس: کرج، پل آزادگان به سمت بولوار 45 متری کاج(بلوار بسیج) -جنب کارگزاری بانک تجارت - ساختمان معاونت بهداشتی و مرکز بهداشت استان البرز,Alborz,No,,,Medium
معاونت بهداشتی دانشگاه علوم پزشکی جندی شاپور,"Health deputy, Jondi Shapour university of medical science",دانشگاه ع پ جندی شاپور,T: Pub; F: Pub; AT: Pub,Education & research,Provincial,https://vchmedical.ajums.ac.ir/fa-IR/vchmedical.ajums.ac/4775/page/%D8%B5%D9%81%D8%AD%D9%87-%D8%A7%D8%B5%D9%84%D9%8A-%D9%85%D8%B9%D8%A7%D9%88%D9%86%D8%AA-%D8%AF%D8%B1%D9%85%D8%A7%D9%86,اهواز، امانیه، فلكه ساعت، خيابان خرم،ساختمان معاونت درمان دانشگاه علوم پزشکی اهواز - کد پستی 44151-337,Khuzestan,No,,,Medium
معاونت بهداشتی دانشگاه علوم پزشکی ایران,"Health deputy, Iran university of medical science",دانشگاه ع پ ایران,T: Pub; F: Pub; AT: Pub,Education & research,Provincial,https://vch.iums.ac.ir/,آدرس: تهران، تقاطع خیابان جمهوری اسلامی و خیابان حافظ - ساختمان پردیس حافظ - طبقه سوم,Tehran,No,,,Medium
معاونت بهداشتی دانشگاه علوم پزشکی ایرانشهر,"Health deputy, Iranshahr university of medical science",,T: Pub; F: Pub; AT: Pub,Education & research,Local,,,,No,,,Medium
معاونت بهداشتی دانشگاه علوم پزشکی ایلام,"Health deputy, Ilam university of medical science",,T: Pub; F: Pub; AT: Pub,Education & research,Provincial,,,,No,,,Medium
معاونت بهداشتی دانشگاه علوم پزشکی ارتش,"Health deputy, Artesh university of medical science",,T: Pub; F: Pub; AT: Pub,Education & research,Local,,,,No,,,Medium
معاونت بهداشتی دانشگاه علوم پزشکی بابل,"Health deputy, Babol university of medical science",,T: Pub; F: Pub; AT: Pub,Education & research,Local,,,,No,,,Medium
معاونت بهداشتی دانشگاه علوم پزشکی بقیه الله,"Health deputy, Baqiyatallah university of medical science",,T: Pub; F: Pub; AT: Pub,Education & research,Local,,,,No,,,Medium
معاونت بهداشتی دانشگاه علوم پزشکی هرمزگان,"Health deputy, Hormozgan university of medical science",,T: Pub; F: Pub; AT: Pub,Education & research,Provincial,,,,No,,,Medium
معاونت بهداشتی دانشگاه علوم پزشکی بوشهر,"Health deputy, Bushehr university of medical science",دانشگاه ع پ,T: Pub; F: Pub; AT: Pub,Education & research,Provincial,,,,No,,,Medium
معاونت بهداشتی دانشگاه علوم پزشکی تهران,"Health deputy, Tehran university of medical science",دانشگاه ع پ,T: Pub; F: Pub; AT: Pub,Education & research,Provincial,,,,No,,,Medium
معاونت بهداشتی دانشگاه علوم پزشکی بیرجند,"Health deputy, Birjand university of medical science",دانشگاه ع پ,T: Pub; F: Pub; AT: Pub,Education & research,Provincial,,,,No,,,Medium
معاونت بهداشتی دانشگاه علوم پزشکی تبریز,"Health deputy, Tabriz university of medical science",دانشگاه ع پ,T: Pub; F: Pub; AT: Pub,Education & research,Provincial,,,,No,,,Medium
معاونت بهداشتی دانشگاه علوم پزشکی جهرم,"Health deputy, Jahrom university of medical science",دانشگاه ع پ,T: Pub; F: Pub; AT: Pub,Education & research,Local,,,,No,,,Medium
معاونت بهداشتی دانشگاه علوم پزشکی جیرفت,"Health deputy, Jiroft university of medical science",دانشگاه ع پ,T: Pub; F: Pub; AT: Pub,Education & research,Local,,,,No,,,Medium
معاونت بهداشتی دانشگاه علوم پزشکی خراسان شمالی,"Health deputy, North Khorasan university of medical science",دانشگاه ع پ,T: Pub; F: Pub; AT: Pub,Education & research,Provincial,,,,No,,,Medium
معاونت بهداشتی دانشگاه علوم پزشکی رفسنجان,"Health deputy, Rafsanjan university of medical science",دانشگاه ع پ,T: Pub; F: Pub; AT: Pub,Education & research,Local,,,,No,,,Medium
معاونت بهداشتی دانشگاه علوم پزشکی زابل,"Health deputy, Zabol university of medical science",دانشگاه ع پ,T: Pub; F: Pub; AT: Pub,Education & research,Local,,,,No,,,Medium
معاونت بهداشتی دانشگاه علوم پزشکی زاهدان,"Health deputy, Zahedan university of medical science",دانشگاه ع پ,T: Pub; F: Pub; AT: Pub,Education & research,Provincial,,,,No,,,Medium
معاونت بهداشتی دانشگاه علوم پزشکی زنجان,"Health deputy, Zanjan university of medical science",دانشگاه ع پ,T: Pub; F: Pub; AT: Pub,Education & research,Provincial,,,,No,,,Medium
معاونت بهداشتی دانشگاه علوم پزشکی سبزوار,"Health deputy, Sabzevar university of medical science",دانشگاه ع پ,T: Pub; F: Pub; AT: Pub,Education & research,Local,,,,No,,,Medium
معاونت بهداشتی دانشگاه علوم پزشکی سمنان,"Health deputy, Semnan university of medical science",دانشگاه ع پ,T: Pub; F: Pub; AT: Pub,Education & research,Provincial,,,,No,,,Medium
معاونت بهداشتی دانشگاه علوم پزشکی شاهد,"Health deputy, Shahed university of medical science",دانشگاه ع پ,T: Pub; F: Pub; AT: Pub,Education & research,Local,,,,No,,,Medium
معاونت بهداشتی دانشگاه علوم پزشکی شاهرود,"Health deputy, Shahroud university of medical science",دانشگاه ع پ,T: Pub; F: Pub; AT: Pub,Education & research,Local,,,,No,,,Medium
معاونت بهداشتی دانشگاه علوم پزشکی شهرکرد,"Health deputy, Shahre-kurd university of medical science",دانشگاه ع پ,T: Pub; F: Pub; AT: Pub,Education & research,Provincial,,,,No,,,Medium
معاونت بهداشتی دانشگاه علوم پزشکی شهید بهشتی,"Health deputy, Shahid beheshti university of medical science",دانشگاه ع پ,T: Pub; F: Pub; AT: Pub,Education & research,Local,,,,No,,,Medium
معاونت بهداشتی دانشگاه علوم پزشکی شیراز,"Health deputy, Shiraz university of medical science",دانشگاه ع پ,T: Pub; F: Pub; AT: Pub,Education & research,Provincial,,,,No,,,Medium
معاونت بهداشتی دانشگاه علوم پزشکی فسا,"Health deputy, Fasa university of medical science",دانشگاه ع پ,T: Pub; F: Pub; AT: Pub,Education & research,Local,,,,No,,,Medium
معاونت بهداشتی دانشگاه علوم پزشکی قزوین,"Health deputy, Qazvin university of medical science",دانشگاه ع پ,T: Pub; F: Pub; AT: Pub,Education & research,Provincial,,,,No,,,Medium
معاونت بهداشتی دانشگاه علوم پزشکی قم,"Health deputy, Qom university of medical science",دانشگاه ع پ,T: Pub; F: Pub; AT: Pub,Education & research,Provincial,,,,No,,,Medium
معاونت بهداشتی دانشگاه علوم پزشکی کاشان,"Health deputy, Kashan university of medical science",دانشگاه ع پ,T: Pub; F: Pub; AT: Pub,Education & research,Local,,,,No,,,Medium
معاونت بهداشتی دانشگاه علوم پزشکی کردستان,"Health deputy, Kurdestan university of medical science",دانشگاه ع پ,T: Pub; F: Pub; AT: Pub,Education & research,Provincial,,,,No,,,Medium
معاونت بهداشتی دانشگاه علوم پزشکی کرمان,"Health deputy, Kerman university of medical science",دانشگاه ع پ,T: Pub; F: Pub; AT: Pub,Education & research,Provincial,,,,No,,,Medium
معاونت بهداشتی دانشگاه علوم پزشکی کرمانشاه,"Health deputy, Kermanshah university of medical science",دانشگاه ع پ,T: Pub; F: Pub; AT: Pub,Education & research,Provincial,,,,No,,,Medium
معاونت بهداشتی دانشگاه علوم پزشکی گلستان,"Health deputy, Golestan university of medical science",دانشگاه ع پ,T: Pub; F: Pub; AT: Pub,Education & research,Provincial,,,,No,,,Medium
معاونت بهداشتی دانشگاه علوم پزشکی گناباد,"Health deputy, Gonabad university of medical science",دانشگاه ع پ,T: Pub; F: Pub; AT: Pub,Education & research,Local,,,,No,,,Medium
 معاونت بهداشتی دانشگاه علوم پزشکی گیلان,"Health deputy, Gilan university of medical science",دانشگاه ع پ,T: Pub; F: Pub; AT: Pub,Education & research,Provincial,,,,No,,,Medium
معاونت بهداشتی دانشگاه علوم پزشکی لرستان,"Health deputy, Lorestan university of medical science",دانشگاه ع پ,T: Pub; F: Pub; AT: Pub,Education & research,Provincial,,,,No,,,Medium
معاونت بهداشتی دانشگاه علوم پزشکی مازندران ,"Health deputy, Mazandaran university of medical science",دانشگاه ع پ,T: Pub; F: Pub; AT: Pub,Education & research,Provincial,,,,No,,,Medium
معاونت بهداشتی دانشگاه علوم پزشکی مشهد,"Health deputy, Mashhad university of medical science",دانشگاه ع پ,T: Pub; F: Pub; AT: Pub,Education & research,Provincial,,,,No,,,Medium
معاونت بهداشتی دانشگاه علوم پزشکی همدان,"Health deputy, Hamedan university of medical science",دانشگاه ع پ,T: Pub; F: Pub; AT: Pub,Education & research,Provincial,,,,No,,,Medium
معاونت بهداشتی دانشگاه علوم پزشکی یاسوج,"Health deputy, Yasoj university of medical science",دانشگاه ع پ,T: Pub; F: Pub; AT: Pub,Education & research,Provincial,,,,No,,,Medium
معاونت بهداشتی دانشگاه علوم پزشکی یزد,"Health deputy, Yazd university of medical science",دانشگاه ع پ,T: Pub; F: Pub; AT: Pub,Education & research,Provincial,,,,No,,,Medium
معاونت بهداشتی دانشگاه علوم پزشکی بم,"Health deputy, Bam university of medical science",دانشگاه ع پ,T: Pub; F: Pub; AT: Pub,Education & research,Local,,,,No,,,Medium
معاونت بهداشتی دانشگاه علوم پزشکی تربت حیدریه,"Health deputy, Torbat Heidariye university of medical science",دانشگاه ع پ,T: Pub; F: Pub; AT: Pub,Education & research,Local,,,,No,,,Medium
معاونت بهداشتی دانشگاه علوم پزشکی سراب,"Health deputy, Sarab university of medical science",دانشگاه ع پ,T: Pub; F: Pub; AT: Pub,Education & research,Local,,,,No,,,Medium
معاونت بهداشتی دانشگاه علوم پزشکی مراغه,"Health deputy, Maraghe university of medical science",دانشگاه ع پ,T: Pub; F: Pub; AT: Pub,Education & research,Local,,,,No,,,Medium
معاونت بهداشتی دانشگاه علوم پزشکی خوی,"Health deputy, Khoy university of medical science",دانشگاه ع پ,T: Pub; F: Pub; AT: Pub,Education & research,Local,,,,No,,,Medium
معاونت بهداشتی دانشکده علوم پزشکی خلخال,"Health deputy, Khahkhal university of medical science",دانشگاه ع پ,T: Pub; F: Pub; AT: Pub,Education & research,Local,,,,No,,,Medium
معاونت بهداشتی دانشکده علوم پزشکی مشکین شهر,"Health deputy, Meshkin shahr university of medical science",دانشگاه ع پ,T: Pub; F: Pub; AT: Pub,Education & research,Local,,,,No,,,Medium
معاونت بهداشتی دانشگاه علوم پزشکی نیشابور,"Health deputy, Neishbour university of medical science",دانشگاه ع پ,T: Pub; F: Pub; AT: Pub,Education & research,Local,,,,No,,,Medium
معاونت بهداشتی دانشگاه علوم پزشکی تربت جام,"Health deputy, Torbat Jam university of medical science",دانشگاه ع پ,T: Pub; F: Pub; AT: Pub,Education & research,Local,,,,No,,,Medium
معاونت بهداشتی دانشگاه علوم پزشکی بجنورد,"Health deputy, Bojnord university of medical science",دانشگاه ع پ,T: Pub; F: Pub; AT: Pub,Education & research,Provincial,,,,No,,,Medium
معاونت بهداشتی دانشگاه علوم پزشکی بهبهان,"Health deputy, Behbahan university of medical science",دانشگاه ع پ,T: Pub; F: Pub; AT: Pub,Education & research,Local,,,,No,,,Medium
معاونت بهداشتی دانشگاه علوم پزشکی شوشتر,"Health deputy, Shoshtar university of medical science",دانشگاه ع پ,T: Pub; F: Pub; AT: Pub,Education & research,Local,,,,No,,,Medium
معاونت بهداشتی دانشگاه علوم پزشکی گراش,"Health deputy, Gerash university of medical science",دانشگاه ع پ,T: Pub; F: Pub; AT: Pub,Education & research,Local,,,,No,,,Medium
معاونت بهداشتی دانشگاه علوم پزشکی لارستان,"Health deputy, Larestan university of medical science",دانشگاه ع پ,T: Pub; F: Pub; AT: Pub,Education & research,Local,,,,No,,,Medium
معاونت بهداشتی دانشگاه علوم پزشکی سیرجان,"Health deputy, Sirjan university of medical science",دانشگاه ع پ,T: Pub; F: Pub; AT: Pub,Education & research,Local,,,,No,,,Medium
معاونت بهداشتی دانشگاه علوم پزشکی خمین,"Health deputy, Khomein university of medical science",دانشگاه ع پ,T: Pub; F: Pub; AT: Pub,Education & research,Local,,,,No,,,Medium
معاونت بهداشتی دانشگاه علوم پزشکی ساوه,"Health deputy, Saveh university of medical science",دانشگاه ع پ,T: Pub; F: Pub; AT: Pub,Education & research,Local,,,,No,,,Medium
معاونت بهداشتی دانشگاه علوم پزشکی اسد اباد,"Health deputy, Asad Abad university of medical science",دانشگاه ع پ,T: Pub; F: Pub; AT: Pub,Education & research,Local,,,,No,,,Medium
معاونت بهداشتی دانشگاه علوم پزشکی دزفول,"Health deputy, Dezful university of medical science",دانشگاه ع پ,T: Pub; F: Pub; AT: Pub,Education & research,Local,,,,No,,,Medium
معاونت درمان دانشگاه علوم پزشکی ابادان,"Treatment deputy, Abadan university of medical science",دانشگاه ع پ,T: Pub; F: Pub; AT: Pub,Education & research,Local,,,,No,,,Low
معاونت درمان دانشگاه علوم پزشکی اراک,"Treatment deputy, Arak university of medical science",دانشگاه ع پ,T: Pub; F: Pub; AT: Pub,Education & research,Provincial,,,,No,,,Low
معاونت درمان دانشگاه علوم پزشکی اردبیل,"Treatment deputy, Ardabil university of medical science",دانشگاه ع پ,T: Pub; F: Pub; AT: Pub,Education & research,Provincial,,,,No,,,Low
معاونت درمان دانشگاه علوم پزشکی ارومیه,"Treatment deputy, Urmia university of medical science",دانشگاه ع پ,T: Pub; F: Pub; AT: Pub,Education & research,Provincial,,,,No,,,Low
معاونت درمان دانشگاه علوم پزشکی اسفراین,"Treatment deputy, Esfarayen university of medical science",دانشگاه ع پ,T: Pub; F: Pub; AT: Pub,Education & research,Local,,,,No,,,Low
معاونت درمان دانشگاه علوم پزشکی اصفهان,"Treatment deputy, Esfahan university of medical science",دانشگاه ع پ,T: Pub; F: Pub; AT: Pub,Education & research,Provincial,,,,No,,,Low
معاونت درمان دانشگاه علوم پزشکی البرز,"Treatment deputy, Dezful university of medical science",دانشگاه ع پ,T: Pub; F: Pub; AT: Pub,Education & research,Provincial,,,,No,,,Low
معاونت درمان دانشگاه علوم پزشکی جندی شاپور,"Health deputy, Dezful university of medical science",دانشگاه ع پ,T: Pub; F: Pub; AT: Pub,Education & research,Local,,,,No,,,Low
معاونت درمان دانشگاه علوم پزشکی ایران,"Health deputy, Dezful university of medical science",دانشگاه ع پ,T: Pub; F: Pub; AT: Pub,Education & research,Regional,,,,No,,,Low
معاونت درمان دانشگاه علوم پزشکی ایرانشهر,"Health deputy, Dezful university of medical science",دانشگاه ع پ,T: Pub; F: Pub; AT: Pub,Education & research,Local,,,,No,,,Low
معاونت درمان دانشگاه علوم پزشکی ایلام,"Health deputy, Dezful university of medical science",دانشگاه ع پ,T: Pub; F: Pub; AT: Pub,Education & research,Provincial,,,,No,,,Low
معاونت درمان دانشگاه علوم پزشکی ارتش,"Health deputy, Dezful university of medical science",دانشگاه ع پ,T: Pub; F: Pub; AT: Pub,Education & research,Local,,,,No,,,Low
معاونت درمان دانشگاه علوم پزشکی بابل,"Health deputy, Dezful university of medical science",دانشگاه ع پ,T: Pub; F: Pub; AT: Pub,Education & research,Local,,,,No,,,Low
معاونت درمان دانشگاه علوم پزشکی بقیه الله,"Health deputy, Dezful university of medical science",دانشگاه ع پ,T: Pub; F: Pub; AT: Pub,Education & research,Regional,,,,No,,,Low
معاونت درمان دانشگاه علوم پزشکی هرمزگان,"Health deputy, Dezful university of medical science",دانشگاه ع پ,T: Pub; F: Pub; AT: Pub,Education & research,Provincial,,,,No,,,Low
معاونت درمان دانشگاه علوم پزشکی بوشهر,"Health deputy, Dezful university of medical science",دانشگاه ع پ,T: Pub; F: Pub; AT: Pub,Education & research,Provincial,,,,No,,,Low
معاونت درمان دانشگاه علوم پزشکی تهران,"Health deputy, Dezful university of medical science",دانشگاه ع پ,T: Pub; F: Pub; AT: Pub,Education & research,Regional,,,,No,,,Low
معاونت درمان دانشگاه علوم پزشکی بیرجند,"Health deputy, Dezful university of medical science",دانشگاه ع پ,T: Pub; F: Pub; AT: Pub,Education & research,Provincial,,,,No,,,Low
معاونت درمان دانشگاه علوم پزشکی تبریز,"Health deputy, Dezful university of medical science",دانشگاه ع پ,T: Pub; F: Pub; AT: Pub,Education & research,Provincial,,,,No,,,Low
معاونت درمان دانشگاه علوم پزشکی تربیت مدرس,"Health deputy, Dezful university of medical science",دانشگاه ع پ,T: Pub; F: Pub; AT: Pub,Education & research,Provincial,,,,No,,,Low
معاونت درمان دانشگاه علوم بهزیستی و توانبخشی,"Health deputy, Dezful university of medical science",دانشگاه ع پ,T: Pub; F: Pub; AT: Pub,Education & research,Provincial,,,,No,,,Low
معاونت درمان دانشگاه علوم پزشکی جهرم,"Health deputy, Dezful university of medical science",دانشگاه ع پ,T: Pub; F: Pub; AT: Pub,Education & research,Local,,,,No,,,Low
معاونت درمان دانشگاه علوم پزشکی جیرفت,,,T: Pub; F: Pub; AT: Pub,,Local,,,,No,,,Low
معاونت درمان دانشگاه علوم پزشکی خراسان شمالی,,,T: Pub; F: Pub; AT: Pub,,Provincial,,,,No,,,Low
معاونت درمان دانشگاه علوم پزشکی رفسنجان,,,T: Pub; F: Pub; AT: Pub,,Local,,,,No,,,Low
معاونت درمان دانشگاه علوم پزشکی زابل,,,T: Pub; F: Pub; AT: Pub,,Local,,,,No,,,Low
معاونت درمان دانشگاه علوم پزشکی زاهدان,,,T: Pub; F: Pub; AT: Pub,,Provincial,,,,No,,,Low
معاونت درمان دانشگاه علوم پزشکی زنجان,,,T: Pub; F: Pub; AT: Pub,,Provincial,,,,No,,,Low
معاونت درمان دانشگاه علوم پزشکی سبزوار,,,T: Pub; F: Pub; AT: Pub,,Local,,,,No,,,Low
معاونت درمان دانشگاه علوم پزشکی سمنان,,,T: Pub; F: Pub; AT: Pub,,Local,,,,No,,,Low
معاونت درمان دانشگاه علوم پزشکی شاهد,,,T: Pub; F: Pub; AT: Pub,,Regional,,,,No,,,Low
معاونت درمان دانشگاه علوم پزشکی شاهرود,,,T: Pub; F: Pub; AT: Pub,,Local,,,,No,,,Low
معاونت درمان دانشگاه علوم پزشکی شهرکرد,,,T: Pub; F: Pub; AT: Pub,,Provincial,,,,No,,,Low
معاونت درمان دانشگاه علوم پزشکی شهید بهشتی,,,T: Pub; F: Pub; AT: Pub,,Regional,,,,No,,,Low
معاونت درمان دانشگاه علوم پزشکی شیراز,,,T: Pub; F: Pub; AT: Pub,,Provincial,,,,No,,,Low
معاونت درمان دانشگاه علوم پزشکی فسا,,,T: Pub; F: Pub; AT: Pub,,Local,,,,No,,,Low
معاونت درمان دانشگاه علوم پزشکی قم,,,T: Pub; F: Pub; AT: Pub,,Provincial,,,,No,,,Low
معاونت درمان دانشگاه علوم پزشکی قزوین,,,T: Pub; F: Pub; AT: Pub,,Provincial,,,,No,,,Low
معاونت درمان دانشگاه علوم پزشکی کاشان,,,T: Pub; F: Pub; AT: Pub,,Local,,,,No,,,Low
معاونت درمان دانشگاه علوم پزشکی کردستان,,,T: Pub; F: Pub; AT: Pub,,Provincial,,,,No,,,Low
معاونت درمان دانشگاه علوم پزشکی کرمانشاه,,,T: Pub; F: Pub; AT: Pub,,Provincial,,,,No,,,Low
معاونت درمان دانشگاه علوم پزشکی کرمان,,,T: Pub; F: Pub; AT: Pub,,Provincial,,,,No,,,Low
معاونت درمان دانشگاه علوم پزشکی گناباد,,,T: Pub; F: Pub; AT: Pub,,Local,,,,No,,,Low
معاونت درمان دانشگاه علوم پزشکی گلستان ,,,T: Pub; F: Pub; AT: Pub,,Local,,,,No,,,Low
معاونت درمان دانشگاه علوم پزشکی گیلان,,,T: Pub; F: Pub; AT: Pub,,Provincial,,,,No,,,Low
معاونت درمان دانشگاه علوم پزشکی لرستان,,,T: Pub; F: Pub; AT: Pub,,Provincial,,,,No,,,Low
معاونت درمان دانشگاه علوم پزشکی مازندران,,,T: Pub; F: Pub; AT: Pub,,Provincial,,,,No,,,Low
معاونت درمان دانشگاه علوم پزشکی مشهد,,,T: Pub; F: Pub; AT: Pub,,Provincial,,,,No,,,Low
معاونت درمان دانشگاه علوم پزشکی همدان,,,T: Pub; F: Pub; AT: Pub,,Provincial,,,,No,,,Low
معاونت درمان دانشگاه علوم پزشکی یاسوج,,,T: Pub; F: Pub; AT: Pub,,Provincial,,,,No,,,Low
معاونت درمان دانشگاه علوم پزشکی یزد,,,T: Pub; F: Pub; AT: Pub,,Provincial,,,,No,,,Low
معاونت درمان دانشگاه علوم پزشکی بم,,,T: Pub; F: Pub; AT: Pub,,Local,,,,No,,,Low
معاونت درمان دانشگاه علوم پزشکی ترتب حیدریه,,,T: Pub; F: Pub; AT: Pub,,Local,,,,No,,,Low
معاونت درمان دانشگاه علوم پزشکی دزفول,,,T: Pub; F: Pub; AT: Pub,,Local,,,,No,,,Low
انجمن دندانپزشکان عمومی ایران شعبه البرز,,,,,,,,,No,,,Low
انجمن دندانپزشکان عمومی ایران شعبه اردبیل,,,,,,,,,No,,,Low
انجمن دندانپزشکان عمومی ایران شعبه اصفهان,,,,,,,,,No,,,Low
انجمن دندانپزشکان عمومی ایران شعبه آذربایجان غربی(ارومیه),,,,,,,,,No,,,Low
انجمن دندانپزشکان عمومی ایران شعبه آذربایجان شرقی(مراغه),,,,,,,,,No,,,Low
انجمن دندانپزشکان عمومی ایران شعبه چهارمحال و بختیاری(شهرکرد),,,,,,,,,No,,,Low
انجمن دندانپزشکان عمومی ایران شعبه فارس(شیراز),,,,,,,,,No,,,Low
انجمن دندانپزشکان عمومی ایران شعبه خوزستان(اهواز),,,,,,,,,No,,,Low
انجمن دندانپزشکان عمومی ایران شعبه خراسان رضوی(مشهد),,,,,,,,,No,,,Low
انجمن دندانپزشکان عمومی ایران شعبه کرمانشاه,,,,,,,,,No,,,Low
انجمن دندانپزشکان عمومی ایران شعبه کرمان,,,,,,,,,No,,,Low
انجمن دندانپزشکان عمومی ایران شعبه کردستان(سنندج),,,,,,,,,No,,,Low
انجمن دندانپزشکان عمومی ایران شعبه گیلان,,,,,,,,,No,,,Low
انجمن دندانپزشکان عمومی ایران شعبه لرستان(بروجرد),,,,,,,,,No,,,Low
انجمن دندانپزشکان عمومی ایران شعبه مازندران,,,,,,,,,No,,,Low
انجمن دندانپزشکان عمومی ایران شعبه مرکزی,,,,,,,,,No,,,Low
انجمن دندانپزشکان عمومی ایران شعبه هرمزگان(بندرعباس),,,,,,,,,No,,,Low
انجمن دندانپزشکان عمومی ایران شعبه همدان,,,,,,,,,No,,,Low
انجمن دندانپزشکان عمومی ایران شعبه یزد,,,,,,,,,No,,,Low
جامعه دندانپزشکی ایران شعبه آذربایجان شرقی,,,,,,,,,,,,
جامعه دندانپزشکی ایران شعبه آذربایجان غربی,,,,,,,,,,,,
جامعه دندانپزشکی ایران شعبه اردبیل,,,,,,,,,,,,
جامعه دندانپزشکی ایران شعبه اصفهان,,,,,,,,,,,,
جامعه دندانپزشکی ایران شعبه البرز,,,,,,,,,,,,
جامعه دندانپزشکی ایران شعبه ایلام,,,,,,,,,,,,
جامعه دندانپزشکی ایران شعبه بوشهر,,,,,,,,,,,,
جامعه دندانپزشکی ایران شعبه تهران,,,,,,,,,,,,
جامعه دندانپزشکی ایران شعبه چهارمحال بختیاری,,,,,,,,,,,,
جامعه دندانپزشکی ایران شعبه خراسان جنوبی,,,,,,,,,,,,
جامعه دندانپزشکی ایران شعبه خراسان رضوی,,,,,,,,,,,,
جامعه دندانپزشکی ایران شعبه خراسان شمالی,,,,,,,,,,,,
جامعه دندانپزشکی ایران شعبه خوزستان,,,,,,,,,,,,
جامعه دندانپزشکی ایران شعبه زنجان,,,,,,,,,,,,
جامعه دندانپزشکی ایران شعبه سمنان,,,,,,,,,,,,
جامعه دندانپزشکی ایران شعبه سیستان و بلوچستان,,,,,,,,,,,,
جامعه دندانپزشکی ایران شعبه فارس,,,,,,,,,,,,
جامعه دندانپزشکی ایران شعبه قزوین,,,,,,,,,,,,
جامعه دندانپزشکی ایران شعبه قم,,,,,,,,,,,,
جامعه دندانپزشکی ایران شعبه کردستان,,,,,,,,,,,,
جامعه دندانپزشکی ایران شعبه کرمان,,,,,,,,,,,,
جامعه دندانپزشکی ایران شعبه کرمانشاه,,,,,,,,,,,,
جامعه دندانپزشکی ایران شعبه کهکیلویه و بویراحمد,,,,,,,,,,,,
جامعه دندانپزشکی ایران شعبه گلستان,,,,,,,,,,,,
جامعه دندانپزشکی ایران شعبه گیلان,,,,,,,,,,,,
جامعه دندانپزشکی ایران شعبه لرستان,,,,,,,,,,,,
جامعه دندانپزشکی ایران شعبه مازندران,,,,,,,,,,,,
جامعه دندانپزشکی ایران شعبه مرکزی,,,,,,,,,,,,
جامعه دندانپزشکی ایران شعبه هرمزگان,,,,,,,,,,,,
جامعه دندانپزشکی ایران شعبه همدان,,,,,,,,,,,,
جامعه دندانپزشکی ایران شعبه یزد,,,,,,,,,,,,